78,112,110,103,104,90,115,84,90,99,90,99,89,90,81,94,92,105,98,115,62
64,122,98,99,107,94,92,108,104,90,100,91,91,89,84,99,97,100,94,107,70
72,115,102,99,100,92,104,95,100,100,89,109,93,81,89,98,86,89,100,100,87
71,113,104,103,92,102,99,96,106,97,98,85,86,97,85,103,84,101,98,118,62
76,120,96,98,103,86,105,99,92,96,100,94,91,94,83,105,94,92,91,114,71
78,115,95,121,87,94,94,100,97,90,94,107,83,89,103,94,93,93,104,106,63
86,101,95,99,105,98,88,106,93,93,91,105,94,87,96,89,87,95,106,113,73
82,110,89,102,97,106,101,97,89,107,86,100,104,84,94,96,89,87,101,113,66
84,124,92,97,90,103,88,102,99,87,90,100,92,100,96,85,85,95,94,126,71
76,118,104,96,93,99,99,94,93,97,87,92,92,84,94,91,87,102,90,126,83
74,127,92,95,103,89,100,100,100,93,91,92,97,95,79,96,102,91,98,114,72
69,120,96,103,91,101,92,104,99,94,94,96,92,78,104,82,94,96,98,131,66
72,117,97,101,102,92,106,99,86,95,93,89,104,95,99,84,97,95,82,117,78
67,129,90,107,92,95,102,99,96,94,100,97,89,88,92,95,105,86,98,115,64
77,127,94,91,109,94,99,102,86,94,93,100,93,90,92,82,89,105,94,117,72
73,122,91,102,96,98,103,91,95,92,98,94,93,102,73,103,86,96,97,122,73
80,106,108,93,98,96,99,102,92,90,95,96,93,90,88,92,91,100,102,119,70
76,110,95,105,99,96,98,92,98,99,94,92,91,87,93,93,99,90,104,118,71
70,122,88,102,101,96,92,101,88,106,86,104,85,90,83,100,86,95,111,112,82
67,110,108,88,111,91,101,93,92,97,90,105,80,100,84,89,104,100,105,113,72
76,110,108,91,98,88,103,93,101,88,97,85,94,102,90,93,98,107,94,112,72
78,113,96,93,104,89,91,101,101,89,87,98,92,95,100,99,101,101,103,108,61
66,111,90,99,90,102,91,100,103,94,90,84,101,88,101,102,102,99,104,104,79
68,98,112,96,90,95,96,89,93,90,88,109,79,102,89,111,103,100,96,120,76
73,118,81,104,99,101,97,90,96,87,101,104,87,78,102,101,99,94,105,117,66
64,123,88,98,82,100,98,87,105,87,94,87,100,91,97,105,99,94,92,130,79
72,112,105,91,100,96,92,87,98,90,90,83,94,103,98,104,100,88,106,114,77
76,115,108,92,94,99,87,102,103,80,95,89,97,90,98,99,104,97,96,108,71
72,109,99,102,89,99,94,104,90,101,101,75,97,92,85,94,111,92,100,114,80
70,102,96,93,102,99,95,95,105,93,94,90,89,94,107,89,103,92,101,110,77
69,120,90,97,101,97,95,100,87,97,86,95,93,84,96,104,97,95,98,122,77
88,103,107,97,99,92,94,100,91,98,94,87,103,92,99,93,91,97,99,106,70
66,123,97,104,104,93,106,95,89,92,97,81,92,94,100,95,97,95,88,112,80
70,119,84,110,88,95,110,89,95,89,90,90,96,89,93,108,90,97,109,106,83
70,117,103,94,101,83,104,98,90,99,87,86,94,103,96,87,99,95,97,119,78
74,119,108,90,103,89,95,102,97,83,97,93,89,84,95,96,98,106,91,125,66
74,126,100,90,96,91,101,97,89,101,79,92,98,91,99,93,103,102,86,112,80
77,120,94,90,104,89,104,96,93,87,89,99,103,94,96,89,91,95,94,118,78
72,118,98,96,103,99,94,92,80,101,93,105,89,92,98,90,98,87,95,130,70
75,112,100,95,86,105,92,91,95,93,94,85,93,100,94,98,91,96,105,121,79
85,108,93,103,87,102,84,108,84,98,90,87,107,93,97,88,108,84,107,97,89
75,129,91,105,87,93,104,87,84,92,100,89,92,96,96,87,102,101,101,109,80
71,116,106,96,88,88,92,101,91,91,92,99,88,101,100,90,99,92,82,137,79
73,124,100,95,85,97,93,90,95,106,90,96,88,89,98,87,100,92,103,130,69
78,117,104,97,90,96,89,100,95,84,98,88,88,101,91,90,91,104,96,132,71
78,120,97,96,86,91,96,101,87,96,94,94,95,100,97,78,104,103,98,101,88
73,132,90,96,94,85,86,99,103,91,94,100,94,92,91,88,93,98,106,128,67
74,118,105,98,95,76,94,95,95,98,93,102,84,93,99,96,96,87,97,125,80
65,116,110,92,88,94,101,96,95,90,91,87,101,99,93,88,104,96,101,116,77
79,110,104,87,99,101,92,101,95,74,98,91,101,91,99,98,88,93,99,111,89
76,111,106,85,107,87,92,85,92,98,94,90,99,87,97,101,98,102,95,118,80
73,126,97,94,95,98,101,84,94,87,98,79,114,88,98,97,95,99,100,118,65
79,111,98,97,83,102,93,93,86,90,111,80,98,98,91,91,100,96,98,131,74
78,116,99,98,96,89,107,87,88,90,99,91,94,94,101,80,95,100,100,122,76
91,114,105,94,89,99,81,96,101,96,89,90,92,101,91,104,84,89,109,102,83
93,104,100,92,96,89,98,88,92,95,99,90,102,98,91,96,95,91,100,113,78
75,122,95,97,86,98,90,94,88,97,98,93,96,97,95,96,91,92,94,128,78
81,110,110,81,99,90,87,94,86,106,100,96,103,88,93,98,91,85,104,120,78
89,122,104,101,92,91,84,90,91,97,106,100,87,98,91,97,91,94,90,118,66
80,112,90,95,103,82,91,91,99,96,106,87,110,84,93,95,95,97,94,110,90
87,107,104,102,92,91,87,88,98,93,106,85,100,86,83,111,99,97,101,108,75
75,115,104,91,83,98,100,91,101,97,91,102,87,90,88,96,103,100,105,108,75
75,114,102,100,91,98,94,86,101,87,93,95,92,86,90,100,105,91,107,115,78
74,110,105,95,98,83,97,103,96,96,91,91,104,86,105,90,88,95,103,112,78
64,118,100,91,92,97,98,94,98,104,89,93,108,94,89,93,95,94,93,116,80
67,118,100,98,102,96,89,100,94,93,98,92,103,90,107,92,89,82,100,118,72
66,121,102,103,92,103,84,93,101,106,97,93,91,95,88,97,92,91,95,124,66
69,115,108,98,94,95,95,106,92,97,98,96,93,98,89,86,100,90,102,114,65
84,112,95,104,93,96,98,103,88,98,86,98,94,99,82,94,93,91,97,116,79
65,126,103,91,90,99,103,94,94,104,90,96,92,99,95,86,89,98,101,111,74
87,108,108,93,96,89,94,91,102,98,98,95,97,83,104,90,93,98,98,109,69
73,117,92,95,97,99,91,111,84,103,83,95,101,99,87,94,102,85,101,102,89
61,126,94,95,102,93,92,98,90,95,106,95,103,89,100,92,96,88,99,107,79
76,115,102,96,95,92,98,96,99,103,90,112,94,92,86,99,87,86,107,116,59
77,110,99,101,90,94,90,96,108,106,101,93,98,96,99,83,93,77,107,105,77
71,126,94,92,100,92,88,106,95,97,93,100,100,95,88,103,74,94,98,113,81
80,122,93,97,86,88,103,95,103,91,103,91,95,112,85,94,94,87,97,114,70
62,118,99,100,92,97,83,102,99,105,102,89,95,100,94,87,86,94,98,113,85
74,116,95,88,86,86,97,97,104,105,96,84,94,106,82,102,92,97,92,125,81
69,123,99,101,82,96,93,93,98,99,100,100,90,92,108,88,87,97,97,119,69
72,118,106,91,98,96,84,90,95,110,96,92,111,88,93,98,90,92,100,115,65
68,121,96,99,96,94,91,86,102,92,99,99,93,102,89,96,90,94,96,123,74
72,126,93,91,102,97,102,86,94,95,95,100,106,88,89,91,89,103,99,111,71
84,110,100,97,87,111,80,95,97,99,98,98,97,109,89,86,95,99,90,101,78
77,122,90,95,94,97,101,82,96,92,108,94,102,98,106,88,93,87,84,120,74
83,99,89,110,90,100,96,90,104,89,92,102,101,95,98,92,93,87,94,114,82
72,126,106,106,99,87,96,92,99,95,95,102,93,91,95,104,88,95,89,107,63
77,103,104,102,97,99,96,91,103,93,98,95,104,91,92,94,87,101,89,116,68
75,117,102,107,84,99,95,103,91,94,108,97,100,87,89,95,96,101,83,114,63
64,128,102,96,95,100,93,96,95,99,90,99,93,89,84,97,108,92,103,96,81
79,112,96,104,87,99,107,97,101,100,95,91,89,85,91,94,96,88,100,115,74
72,123,103,97,92,101,99,95,103,91,94,95,88,88,96,88,96,105,91,115,68
81,121,103,91,97,80,110,98,94,100,89,85,102,97,89,99,98,97,99,110,60
82,110,92,101,93,96,103,94,92,103,92,90,104,92,86,97,93,97,98,111,73
73,110,99,91,103,108,96,94,96,102,93,104,78,96,95,86,111,90,96,101,77
71,109,109,99,91,94,108,86,95,96,92,96,99,97,95,95,98,97,96,115,62
72,110,95,94,99,91,99,100,93,99,106,97,85,101,84,109,93,88,97,113,75
66,112,92,90,89,94,104,93,94,105,96,97,100,97,97,94,100,90,91,130,69
75,111,89,96,97,94,94,103,99,97,93,90,104,96,87,95,94,93,104,114,75
67,114,89,99,92,92,109,92,109,97,88,100,102,99,83,81,102,92,112,113,68
75,104,101,88,103,95,87,105,96,98,105,95,97,91,95,90,96,102,98,121,58
73,109,100,95,96,95,99,100,97,99,99,89,108,98,89,87,94,94,107,115,57
76,109,93,89,90,100,100,100,96,92,101,102,85,104,96,89,99,91,94,104,90
79,120,102,88,92,102,96,93,99,100,82,102,102,85,90,98,88,104,99,103,76
73,119,101,98,92,93,100,107,92,102,99,86,93,95,88,82,98,92,101,115,74
71,122,101,92,107,89,98,103,97,100,95,86,96,94,89,96,106,92,91,94,81
75,120,100,108,95,97,104,91,92,97,96,85,100,91,98,93,92,100,100,101,65
72,121,102,101,89,109,89,100,98,92,89,87,97,98,87,93,92,95,102,103,84
68,129,102,92,97,93,95,99,93,86,100,99,92,102,97,85,95,102,104,108,62
80,118,103,91,97,95,94,95,84,99,89,96,92,88,100,95,91,93,101,116,83
81,113,98,96,103,82,95,89,92,95,96,105,82,94,99,92,95,100,95,125,73
88,108,87,105,92,94,101,88,91,88,100,99,86,90,98,98,99,104,94,116,74
73,127,87,105,87,92,99,89,90,88,102,94,92,104,86,89,109,101,95,112,78
80,95,107,92,94,105,87,99,92,87,97,94,95,99,93,103,96,98,92,113,82
75,117,92,92,96,92,99,100,97,98,82,92,101,104,92,88,89,95,105,117,76
78,107,95,94,103,96,98,89,95,92,86,111,91,89,100,106,95,93,92,113,77
76,113,101,104,93,94,105,82,100,95,99,96,87,100,79,100,101,87,94,115,79
70,121,111,93,93,92,90,92,89,99,99,107,88,97,97,110,79,94,97,113,69
86,114,97,104,97,93,96,91,98,103,93,96,92,96,93,84,97,95,98,104,73
82,115,97,105,93,94,88,100,92,89,97,101,91,102,99,101,94,94,86,110,70
68,124,107,96,96,93,79,94,93,97,107,98,98,91,95,97,92,98,101,104,72
75,113,87,111,99,93,86,82,105,93,97,107,88,99,95,98,104,91,104,105,67
77,110,91,103,89,98,95,97,85,99,102,86,103,99,88,91,104,92,108,116,67
72,123,97,94,99,93,96,88,101,83,104,91,109,87,84,98,101,102,88,119,71
71,111,103,94,98,89,98,95,86,92,96,102,99,92,85,91,106,97,109,109,77
71,106,104,92,92,93,103,84,102,104,93,93,94,96,87,102,95,97,107,120,65
76,105,99,102,83,95,85,99,96,95,97,93,95,100,102,96,90,101,104,111,76
69,113,100,88,87,92,108,84,96,101,92,99,92,106,94,91,96,96,108,117,71
73,110,105,85,99,94,99,92,96,86,104,93,100,97,95,85,108,100,97,107,75
72,109,100,89,98,95,91,92,101,89,98,98,101,97,103,87,107,92,92,129,60
74,107,95,96,96,100,88,99,96,97,91,96,101,99,97,95,108,90,91,119,65
65,114,88,95,100,103,82,94,97,105,96,97,92,92,102,95,87,100,99,129,68
74,105,90,87,102,96,97,86,104,109,98,91,91,99,104,95,100,91,104,112,65
73,116,84,88,105,96,93,96,108,88,106,91,99,96,85,97,99,96,97,117,70
73,104,91,102,87,97,95,98,94,101,92,104,103,95,101,84,86,101,99,110,82
75,98,86,90,106,85,93,100,104,92,106,89,89,97,105,99,100,99,89,119,79
72,112,91,95,85,96,107,93,100,100,94,86,94,101,96,100,105,95,105,102,71
74,116,99,82,94,83,100,106,98,100,102,87,100,92,98,102,94,91,93,108,81
73,114,93,91,93,102,83,102,91,105,102,95,87,92,106,90,95,101,89,110,86
72,125,93,91,105,86,100,101,92,97,96,97,91,107,87,103,91,101,99,97,69
70,128,96,102,84,92,107,94,97,107,90,89,98,97,88,100,95,105,88,99,74
73,116,100,95,99,86,97,99,93,97,94,96,95,95,104,100,96,86,93,109,77
74,124,87,95,92,98,96,83,108,95,89,88,106,93,98,104,99,91,94,115,71
75,120,110,93,92,91,88,92,105,93,95,82,106,99,92,102,102,92,96,96,79
81,111,104,95,85,99,85,91,97,97,98,104,100,91,106,96,102,85,95,116,62
88,118,92,96,104,84,98,92,98,95,95,103,95,99,91,100,101,89,93,107,62
62,116,98,104,91,94,88,92,98,95,98,98,100,97,90,97,99,96,88,122,76
75,113,90,96,100,94,91,87,98,98,90,96,103,109,94,97,86,102,83,131,67
74,114,110,85,94,90,102,90,93,94,102,92,100,98,93,102,90,102,85,108,82
72,117,84,112,90,102,90,99,101,94,93,100,92,94,99,93,103,92,94,114,65
67,113,106,90,90,100,89,97,91,104,93,97,100,94,101,89,100,97,100,103,76
82,100,91,96,98,101,91,104,96,97,91,97,102,103,101,92,89,92,108,108,61
58,111,85,96,107,101,89,102,93,110,91,97,92,97,106,90,95,102,92,108,78
59,109,93,95,96,97,103,92,105,88,105,94,104,107,95,98,90,103,91,109,67
77,103,93,88,95,101,89,115,87,102,100,98,90,96,110,94,96,81,102,110,73
71,116,87,97,97,89,97,105,96,91,100,100,90,113,91,100,87,100,96,109,68
66,118,90,93,90,97,101,99,100,92,103,99,101,105,99,101,95,91,89,109,62
60,113,99,102,97,94,96,95,101,90,93,106,101,98,110,88,111,89,89,106,62
67,107,96,102,89,96,91,101,97,93,96,94,97,112,94,99,100,103,80,113,73
76,113,93,90,98,91,103,95,92,101,92,105,102,100,98,104,96,92,96,93,70
68,119,96,86,99,98,96,93,89,107,105,95,99,106,91,97,92,95,89,107,73
78,103,98,91,93,88,105,95,105,92,100,105,95,105,97,83,97,89,99,107,75
68,100,103,97,89,101,94,105,86,100,102,93,103,103,95,92,96,88,100,108,77
68,111,83,106,101,90,98,94,98,104,93,100,94,95,92,94,96,87,104,110,82
67,108,98,96,98,101,105,93,95,92,105,99,80,108,86,92,104,90,88,124,71
67,110,87,98,91,98,108,95,97,102,102,89,104,92,85,100,88,117,102,99,69
62,112,98,97,96,96,86,105,98,87,108,101,96,92,91,83,105,89,103,121,74
72,106,91,105,90,100,96,94,95,106,87,106,87,99,101,89,95,102,106,112,61
68,110,99,87,99,99,99,88,102,87,98,97,105,93,95,89,92,101,99,115,78
76,109,90,92,102,84,103,105,92,87,104,94,96,104,95,93,93,89,106,114,72
70,117,94,91,99,92,95,100,84,101,88,104,96,104,90,94,100,96,105,110,70
69,123,86,96,100,99,95,99,85,101,89,97,89,98,96,90,103,100,91,116,78
69,107,99,105,96,91,97,99,92,94,89,97,93,90,98,89,111,90,99,125,70
62,112,96,104,90,95,100,97,99,96,92,90,94,93,96,93,107,99,92,132,61
69,118,102,89,97,107,84,97,101,105,91,89,101,86,102,84,107,95,91,110,75
74,105,114,86,86,91,100,99,99,95,93,90,99,98,98,96,91,95,100,126,65
75,134,90,89,103,92,92,95,102,92,107,91,93,98,91,95,93,89,106,103,70
85,108,97,96,94,97,100,84,101,105,95,103,81,98,97,97,96,94,87,95,90
87,111,99,90,104,92,87,96,102,94,95,99,99,97,92,95,96,93,93,116,63
84,93,105,99,89,101,97,89,102,97,99,97,92,96,94,93,96,101,87,112,77
78,97,98,93,98,91,99,99,91,99,99,96,91,98,92,101,99,96,101,106,78
65,106,98,108,88,93,108,94,92,88,100,93,95,90,92,101,96,110,104,114,65
72,102,111,96,91,99,92,90,95,96,100,91,100,97,83,105,101,89,118,102,70
63,103,107,100,94,102,97,91,93,98,98,94,92,93,110,93,100,87,116,118,51
68,106,98,110,98,87,97,94,96,92,92,100,90,103,98,97,95,104,94,106,75
61,111,85,97,97,95,98,96,101,101,99,94,103,80,105,93,105,100,96,120,63
77,98,105,82,102,93,99,93,101,94,86,90,91,98,105,96,101,96,100,120,73
67,112,86,90,99,97,86,97,103,106,87,96,90,106,91,99,99,97,105,116,71
71,112,98,84,100,98,99,92,110,90,90,95,100,109,96,92,105,100,80,113,66
74,106,83,98,99,86,98,104,92,98,103,87,97,101,97,99,97,92,102,104,83
74,110,94,90,95,94,97,90,97,93,105,100,87,93,118,77,105,88,108,112,73
72,112,92,88,102,99,88,95,96,101,96,95,105,96,87,101,94,86,108,116,71
68,121,91,99,89,82,98,91,98,104,97,93,97,98,96,101,90,101,96,108,81
77,111,94,86,88,94,101,93,100,106,101,86,101,84,111,98,85,98,97,119,70
78,113,92,95,93,104,91,95,95,96,96,100,90,97,102,90,99,95,91,112,76
71,112,97,89,88,87,103,97,106,88,97,99,97,92,95,100,88,91,108,117,78
68,108,105,77,92,95,102,98,103,89,98,96,103,90,101,100,100,92,92,125,66
66,117,103,85,96,86,106,97,99,101,96,103,88,89,100,90,95,93,101,113,76
67,120,95,95,93,103,93,99,98,90,102,93,92,99,97,94,90,97,95,116,72
79,101,94,96,96,104,90,97,92,96,108,89,91,108,92,92,95,101,94,101,84
73,104,92,98,89,106,91,95,108,91,84,101,94,94,103,91,98,99,95,119,75
82,104,96,95,99,110,84,93,106,97,86,91,97,96,106,94,93,83,109,109,70
74,110,100,91,93,96,100,92,94,98,86,90,99,95,111,101,90,106,87,115,72
73,113,96,92,96,103,94,100,94,98,93,101,95,88,90,102,102,96,101,109,64
70,117,92,109,90,108,89,82,97,102,93,88,99,101,94,100,86,95,101,124,63
71,114,100,105,93,95,95,92,95,96,99,92,94,96,104,91,96,106,94,103,69
68,118,98,94,107,95,91,97,94,94,102,90,91,96,108,81,96,98,100,117,65
66,125,92,101,106,95,95,95,94,88,99,100,92,106,97,86,100,87,97,109,70
66,123,102,101,97,96,88,93,91,98,99,92,99,92,98,92,106,100,92,112,63
70,110,105,100,96,97,85,94,87,101,100,86,108,90,101,89,103,91,102,117,68
72,120,105,85,92,94,92,95,94,100,98,93,96,102,91,96,105,85,105,111,69
81,105,98,89,99,83,96,92,103,102,97,102,91,95,87,102,94,91,102,112,79
71,116,103,96,84,96,104,84,96,106,93,89,112,87,107,86,97,96,103,104,70
75,120,94,82,92,104,86,101,96,94,102,103,91,99,92,103,86,101,85,122,72
82,107,90,86,93,90,106,86,99,99,95,99,101,85,102,93,100,101,95,127,64
69,129,90,90,87,98,86,97,90,93,101,89,97,97,98,98,101,105,100,120,65
65,114,94,94,99,90,91,96,108,89,97,92,89,101,100,97,92,101,102,123,66
66,106,107,89,90,95,90,104,99,92,101,89,97,102,101,103,90,98,93,126,62
70,113,98,92,98,89,108,91,90,89,105,90,101,83,97,102,95,99,99,112,78
77,106,90,90,96,96,110,88,97,93,87,97,95,99,113,86,102,104,95,104,75
77,102,92,93,89,97,99,92,109,87,87,95,88,102,97,96,106,107,92,124,69
66,117,87,90,102,80,111,84,102,87,93,101,96,91,105,93,104,93,106,116,76
68,118,94,92,87,89,114,83,106,96,91,93,95,94,100,95,102,98,100,124,61
79,106,92,102,94,96,96,98,86,96,94,87,105,86,105,95,88,99,98,116,82
71,111,91,89,102,83,96,98,103,90,95,97,91,104,96,95,108,98,95,113,74
71,118,105,100,80,98,98,84,98,89,97,80,96,95,102,94,98,104,97,113,82
69,112,95,106,93,88,95,89,96,83,97,104,91,94,94,97,92,102,101,113,89
74,115,99,99,105,99,88,79,87,95,94,94,90,94,107,90,91,95,100,115,89
66,124,95,113,89,90,87,95,94,91,86,91,95,101,93,99,91,98,98,131,73
68,112,98,107,89,96,80,98,96,89,96,89,95,99,100,92,95,91,99,140,70
80,107,99,98,103,94,83,101,101,86,77,89,101,93,90,99,104,103,86,125,81
71,110,101,105,94,95,94,99,90,83,89,94,91,102,96,107,101,94,100,117,67
65,123,94,93,97,103,95,90,94,89,92,92,89,104,94,95,100,99,93,128,71
70,116,99,99,85,109,87,93,91,88,87,82,108,95,95,105,104,94,101,119,73
74,124,93,97,103,91,97,90,100,86,74,93,105,93,98,104,107,100,91,122,58
71,127,88,103,95,99,103,88,93,87,94,90,94,101,90,107,98,86,97,125,64
81,111,95,92,103,93,99,95,79,99,102,88,95,96,91,96,104,93,98,121,69
70,126,97,90,95,94,99,104,88,89,101,91,93,92,103,98,92,90,99,120,69
70,123,101,98,92,96,98,85,108,94,99,78,92,97,91,99,88,108,86,108,89
70,115,102,95,101,92,93,107,95,99,90,102,92,91,92,108,88,92,89,106,81
76,120,90,93,98,92,102,105,91,98,98,102,93,98,95,94,87,105,85,118,60
71,118,94,100,96,91,105,93,96,100,98,102,81,98,90,92,99,96,95,116,69
64,124,96,103,98,107,93,91,98,98,98,98,88,89,93,103,87,95,98,110,69
70,111,96,98,88,97,117,83,97,105,95,94,107,93,97,92,89,93,95,102,81
73,116,106,92,101,101,90,95,101,97,100,97,98,91,100,87,85,94,95,116,65
80,97,103,100,93,101,105,99,96,92,100,92,86,98,100,82,91,94,93,127,71
71,109,98,89,104,103,103,95,98,92,89,101,80,96,91,100,94,88,98,123,78
76,109,106,90,106,105,92,105,93,94,98,96,90,91,87,91,100,94,98,115,64
64,120,92,106,93,89,110,98,103,93,105,84,90,85,98,95,94,93,97,106,85
71,125,95,93,97,99,92,105,104,89,95,92,91,86,101,94,89,85,106,121,70
65,118,103,91,100,101,92,99,94,93,97,88,103,91,88,92,95,101,95,109,85
72,126,103,94,104,97,91,102,96,93,95,91,101,99,91,87,85,91,101,101,80
81,116,98,90,92,94,96,91,100,98,89,94,101,97,97,91,90,99,98,110,78
82,109,97,95,97,101,95,109,90,88,92,96,98,93,98,85,99,92,94,116,74
75,109,99,92,87,99,91,103,94,106,92,90,105,91,88,95,101,98,89,128,68
64,125,97,107,89,91,101,89,104,98,99,86,87,101,99,91,96,90,99,116,71
79,113,89,91,86,99,95,99,103,104,93,103,92,87,93,98,105,94,86,121,70
73,102,86,102,94,94,110,86,103,98,102,96,89,92,93,90,99,100,100,119,72
78,103,92,93,98,86,94,86,97,109,103,100,85,92,101,98,97,100,98,124,66
76,106,91,100,91,96,95,94,101,105,95,96,82,112,90,99,97,96,97,104,77
74,128,90,94,93,93,86,103,103,93,107,98,95,86,100,85,109,85,104,115,59
75,101,99,85,102,94,102,85,95,104,100,104,84,98,91,91,104,104,89,124,69
77,106,88,86,92,102,95,99,104,93,95,96,89,97,87,107,99,88,99,124,77
72,106,90,95,86,99,93,102,100,102,92,98,91,95,91,93,102,99,98,117,79
72,108,96,92,96,84,106,95,105,104,95,85,101,95,95,103,101,87,105,108,67
84,114,91,96,103,88,102,93,105,92,100,90,97,93,89,104,99,96,92,114,58
71,113,109,89,100,93,86,92,93,97,88,105,90,101,86,98,105,99,101,107,77
76,114,96,88,91,96,91,95,87,97,97,99,94,104,94,93,98,106,91,112,77
73,118,100,87,97,85,107,83,93,98,101,96,99,92,100,90,104,85,114,105,73
72,109,90,110,86,94,97,93,91,90,98,95,103,106,91,100,94,99,89,116,76
76,105,91,103,85,106,94,93,96,94,92,104,100,98,99,98,91,94,95,135,51
62,114,93,97,100,91,98,91,95,99,100,101,99,96,100,101,89,87,102,109,76
65,122,97,85,90,89,102,91,106,96,95,99,88,102,109,86,98,100,95,114,71
73,119,97,89,92,106,95,104,93,91,101,103,97,101,98,91,95,84,95,98,78
77,108,102,88,90,103,107,86,89,101,105,95,100,93,103,89,100,98,85,105,76
70,107,105,93,99,101,95,83,107,102,89,101,101,99,96,92,89,98,112,102,59
63,127,101,105,94,91,91,84,105,98,96,103,97,103,93,96,96,84,92,103,78
77,121,110,91,93,92,107,94,102,104,97,99,92,91,99,77,99,89,89,106,71
63,123,101,89,94,88,96,99,104,90,106,102,89,94,89,96,92,92,97,120,75
62,117,96,96,102,91,89,94,100,100,110,98,104,83,85,88,99,101,103,111,70
71,111,94,103,110,82,90,103,94,96,98,104,94,95,89,101,85,110,99,100,71
65,117,98,99,91,104,94,99,89,106,100,97,86,94,97,93,88,98,92,106,86
64,123,90,94,96,107,87,97,103,91,108,89,100,87,91,97,94,97,99,114,72
72,113,90,93,103,91,91,103,100,96,100,96,103,83,93,82,101,100,89,123,77
74,98,104,93,98,95,88,91,102,98,100,116,94,86,95,95,96,89,96,121,71
76,114,100,93,97,92,99,90,111,85,108,102,88,99,95,87,102,90,86,112,74
71,115,96,105,84,107,93,96,95,101,96,100,94,92,89,89,91,95,96,111,84
65,113,99,98,89,99,92,105,96,104,104,95,84,88,92,92,100,100,88,124,73
74,111,107,81,96,93,102,99,93,99,100,95,96,97,96,85,95,91,96,118,76
69,106,100,95,92,98,107,93,106,93,92,92,87,92,91,100,90,101,93,120,83
71,121,96,101,86,95,97,99,97,101,93,83,100,93,87,99,101,93,99,109,79
65,106,104,91,107,85,97,104,97,101,86,102,93,97,89,95,96,100,94,120,71
76,118,98,98,98,91,93,100,93,98,94,94,94,93,94,95,93,106,88,114,72
72,126,93,101,91,99,97,92,94,93,91,96,93,93,100,100,94,91,91,111,82
77,115,104,98,89,93,97,101,86,102,88,95,96,97,96,97,95,85,102,120,67
70,121,109,103,76,96,92,99,106,88,97,93,99,107,84,87,102,89,100,112,70
78,123,105,96,98,94,92,97,108,93,94,94,95,87,100,89,95,93,84,123,62
67,131,103,94,92,93,103,87,105,99,86,95,99,88,92,102,91,90,92,127,64
70,133,100,98,96,91,105,91,94,96,92,87,104,83,100,94,89,93,105,98,80
65,122,104,94,98,105,98,89,90,96,92,102,90,88,103,89,91,92,111,111,70
68,124,107,99,93,96,99,101,105,76,104,98,84,99,88,95,96,98,84,119,67
78,110,94,112,105,97,99,81,90,93,103,96,93,99,83,94,88,104,88,126,67
74,117,101,107,104,88,115,84,99,79,104,99,80,88,99,85,102,92,99,119,65
76,108,97,98,107,94,99,98,98,91,101,95,89,92,88,91,98,86,97,121,76
70,118,112,94,95,106,96,100,94,96,92,90,101,89,89,90,92,100,100,110,66
82,112,95,107,102,100,93,87,102,98,98,95,86,95,95,90,93,93,104,110,63
83,108,108,94,92,102,92,97,102,93,104,98,89,86,92,92,90,95,97,120,66
83,112,104,96,94,100,89,102,95,86,114,95,99,96,85,84,99,85,102,105,75
75,114,99,98,99,102,97,97,85,95,104,89,93,88,93,94,101,107,82,115,73
68,116,99,102,100,100,90,101,97,99,88,97,90,105,83,96,101,80,94,116,78
65,117,107,106,97,103,87,101,98,95,96,85,94,96,83,94,101,91,95,116,73
78,109,95,107,104,95,98,96,103,94,92,95,99,90,93,90,89,94,102,109,68
71,114,92,111,98,92,105,97,102,100,90,93,89,85,94,95,92,91,95,116,78
65,114,96,101,98,96,98,96,90,102,94,91,94,93,96,91,93,96,100,118,78
70,123,104,85,98,96,103,95,98,101,99,79,95,99,90,97,93,94,93,120,66
75,99,103,98,98,103,94,101,93,98,104,81,101,95,89,98,90,101,92,118,69
74,114,89,104,95,95,103,98,95,103,86,90,96,86,102,92,101,90,104,118,65
62,121,98,89,101,99,90,93,108,91,97,100,95,96,93,88,103,99,89,113,75
74,105,98,93,95,107,98,88,115,83,90,94,88,98,102,97,99,98,90,119,69
79,107,102,94,98,92,98,101,102,92,90,94,93,103,91,99,98,92,100,106,69
76,113,94,99,108,88,97,89,94,104,87,95,91,98,86,101,94,92,96,112,85
75,109,95,94,93,109,90,99,99,94,101,82,100,93,88,100,97,91,99,115,77
75,114,88,102,93,98,95,105,93,91,94,93,93,93,98,102,85,102,92,109,84
71,125,99,97,88,103,95,102,91,100,90,102,99,91,93,77,98,86,104,109,80
77,109,110,100,95,92,99,103,99,87,87,96,101,88,93,100,94,79,108,109,74
78,117,103,103,87,95,103,99,92,100,92,94,88,95,96,94,92,100,93,116,63
73,122,97,100,99,88,98,112,81,97,90,94,97,87,97,92,86,99,104,116,71
76,130,93,89,101,98,93,104,91,99,86,94,87,85,108,89,93,101,95,128,60
94,111,103,78,101,96,91,93,99,109,93,95,95,87,92,89,88,95,95,121,75
78,120,96,91,96,104,95,92,96,97,98,104,86,85,94,99,91,92,96,126,64
74,118,96,102,98,97,94,102,90,97,89,101,106,86,88,93,100,85,102,102,80
66,120,96,95,94,91,98,97,98,87,104,107,94,92,81,99,91,93,97,115,85
58,127,91,109,97,98,91,88,106,101,94,97,96,87,101,87,91,99,99,101,82
84,108,111,100,90,95,103,91,96,95,102,88,105,99,84,85,89,98,91,120,66
71,125,95,98,93,97,92,109,94,100,97,89,93,89,98,82,96,87,102,101,89
75,114,98,101,95,99,100,110,86,90,97,97,97,97,88,84,103,75,99,111,84
81,123,92,96,98,95,105,95,103,96,98,94,87,91,99,94,84,95,95,112,67
88,107,88,96,101,97,101,104,86,95,96,87,96,95,89,91,93,94,106,109,81
72,117,109,96,99,103,99,89,109,93,91,81,92,93,101,92,100,93,84,119,68
83,115,102,99,99,99,89,104,94,91,95,103,80,89,98,96,100,95,99,97,73
69,120,100,98,100,98,113,103,90,93,88,99,74,96,94,87,102,90,99,103,84
79,111,98,97,101,103,105,102,86,99,88,93,88,95,94,88,92,92,101,122,66
74,114,101,97,100,99,110,90,99,97,91,89,87,91,88,106,90,98,95,114,70
70,105,110,99,104,98,102,102,95,93,93,88,89,92,94,84,86,101,94,119,82
73,114,99,89,115,91,97,96,107,91,96,98,84,92,83,94,95,86,109,122,69
71,114,99,98,99,101,99,94,97,102,90,97,91,87,97,91,94,86,100,108,84
87,110,100,98,94,103,89,92,105,95,100,73,109,90,95,98,91,95,93,106,77
71,114,99,94,107,101,94,98,103,88,89,94,105,85,92,97,94,93,87,117,78
66,119,103,92,90,108,102,95,96,93,95,95,96,87,111,79,106,96,96,106,69
65,118,96,92,110,92,95,105,86,101,87,96,101,92,99,97,89,104,99,102,73
79,113,92,106,101,90,104,94,93,95,90,106,95,89,89,109,88,101,87,114,65
70,115,105,90,102,104,100,100,85,95,88,102,98,95,88,100,96,92,90,121,64
70,104,108,88,118,101,89,94,104,87,101,95,94,94,92,86,99,95,95,112,74
74,120,94,99,88,110,105,91,87,96,106,93,90,99,87,95,89,99,87,122,69
72,118,99,96,97,102,93,89,98,93,94,89,98,88,103,95,97,85,105,114,75
66,127,98,114,93,91,98,90,94,98,94,83,95,99,87,107,90,95,94,106,81
81,94,90,100,107,100,89,95,94,91,107,83,94,98,93,97,95,88,113,113,78
64,118,95,111,93,96,104,95,86,94,99,90,88,107,90,99,86,100,99,121,65
60,122,106,96,106,90,105,92,91,89,93,94,91,93,94,93,107,90,109,105,74
69,110,105,99,103,92,96,94,92,105,80,99,95,83,98,89,93,104,98,114,79
75,117,102,91,102,93,93,107,78,100,98,102,84,90,102,97,101,97,87,115,69
71,120,84,104,96,89,99,89,94,92,104,94,94,99,99,97,100,93,103,116,63
79,102,86,104,97,81,103,101,95,94,93,86,101,91,96,95,96,102,101,114,81
72,109,98,106,88,99,87,93,95,107,90,86,104,92,88,112,92,100,96,120,66
81,104,101,107,93,103,86,104,83,89,93,94,99,88,109,94,97,94,86,119,75
81,109,95,106,96,95,97,94,92,98,93,94,106,94,96,94,94,94,90,121,61
55,126,102,101,84,92,92,97,103,88,100,100,94,87,97,94,99,92,98,120,79
71,109,110,95,92,101,96,91,96,90,90,90,94,105,92,93,93,93,99,116,82
55,121,108,88,99,101,100,89,95,100,87,100,88,89,105,92,92,96,92,123,80
83,108,96,90,90,95,104,93,88,100,100,103,87,95,92,98,96,96,99,109,78
81,113,84,99,95,91,100,84,102,92,102,83,95,101,89,107,96,92,99,114,81
75,106,114,91,97,97,93,95,99,90,105,93,92,79,103,93,98,93,103,113,71
87,110,87,98,103,96,91,94,100,91,89,98,95,94,99,98,88,93,100,106,83
81,106,103,97,91,103,87,94,97,94,75,107,90,101,104,94,96,95,95,126,64
68,118,97,92,94,97,94,96,92,94,81,89,97,101,97,94,104,91,106,106,90
73,114,93,96,97,97,97,97,105,81,89,98,93,100,108,91,96,94,89,116,75
80,122,99,91,92,91,93,101,88,99,93,84,95,98,101,97,98,91,95,106,86
74,117,105,89,91,100,95,95,93,96,100,93,97,98,103,95,96,87,95,123,58
79,110,104,95,86,99,95,92,101,94,86,95,99,99,94,102,94,91,106,103,75
69,106,101,94,98,93,96,91,97,90,103,95,87,96,103,107,97,98,100,99,80
69,117,94,101,96,99,90,94,100,93,91,96,87,99,97,96,94,105,104,104,74
64,113,108,86,98,98,92,101,94,91,96,90,93,98,98,95,97,101,99,111,77
74,108,97,90,102,88,103,106,86,97,83,85,102,101,94,96,104,89,97,114,84
73,114,107,82,100,78,107,104,83,86,86,110,94,92,93,106,91,98,104,125,67
79,115,105,89,93,94,96,97,98,93,82,100,96,97,93,87,99,102,114,108,63
78,118,97,95,89,84,97,90,95,97,101,92,91,94,95,96,95,92,107,114,80
71,118,101,88,95,91,102,87,103,92,92,96,91,103,89,94,94,108,94,119,71
75,102,96,89,101,101,96,84,109,85,103,88,107,81,83,95,95,102,102,118,88
80,113,97,90,98,91,93,98,96,95,95,89,100,84,87,100,95,97,111,120,71
71,126,90,92,105,80,94,90,105,92,101,88,89,100,96,98,100,94,102,125,62
82,113,99,89,101,85,91,97,103,101,97,86,95,96,106,88,96,94,100,111,70
75,120,103,83,89,92,105,98,90,91,98,88,96,100,100,86,103,89,99,118,77
79,111,100,83,88,92,97,95,96,91,102,93,100,100,93,96,89,101,97,118,79
64,123,93,91,94,79,108,90,100,98,103,89,109,92,87,91,87,101,102,117,81
88,104,107,90,93,85,90,101,94,94,94,95,105,91,91,93,97,102,101,106,79
88,106,90,100,86,101,84,96,96,91,95,96,102,96,95,101,99,98,104,100,76
85,105,97,92,100,85,99,100,90,94,101,92,98,104,97,102,88,97,95,109,70
72,117,99,89,98,94,88,90,100,77,106,99,96,101,103,93,99,84,111,116,68
67,112,89,91,96,104,106,78,89,99,96,94,97,93,102,98,98,100,97,127,67
77,116,96,83,86,97,97,100,92,85,99,98,105,93,98,107,89,101,103,101,77
71,119,99,89,94,95,100,91,89,88,98,95,101,96,98,93,109,84,108,107,76
69,121,107,79,97,96,91,101,89,83,97,96,104,109,98,97,91,89,91,122,73
78,108,94,101,87,105,92,90,97,85,90,100,103,105,95,99,96,83,107,107,78
71,109,105,94,82,88,96,102,84,95,99,96,101,103,105,86,94,103,96,113,78
82,100,107,94,98,85,92,95,93,92,103,91,94,105,103,95,90,89,98,106,88
60,132,96,85,96,93,104,83,90,91,87,101,106,95,99,92,92,99,93,130,76
88,109,90,108,89,100,91,85,91,103,92,84,103,95,105,85,90,108,95,111,78
76,109,92,90,99,95,90,94,93,94,100,97,101,104,95,86,99,94,98,124,70
69,108,87,103,101,100,98,90,90,96,96,96,96,108,87,91,86,100,102,124,72
71,118,87,102,92,89,103,88,96,98,98,96,96,96,96,91,105,90,99,123,66
76,118,98,91,92,103,100,81,102,111,86,99,83,110,103,86,99,91,95,99,77
70,121,90,101,87,93,101,102,95,87,99,92,104,87,101,106,106,84,83,108,83
67,114,98,90,90,89,101,103,101,100,92,107,86,99,97,91,103,99,89,112,72
65,103,108,96,92,92,101,92,103,100,101,93,99,92,99,105,98,88,88,111,74
78,96,95,104,93,96,85,105,101,98,93,101,97,94,97,101,95,96,90,108,76
71,100,107,94,95,105,93,85,109,96,93,90,99,100,98,93,103,89,98,112,70
57,118,94,94,94,100,97,101,98,100,87,95,96,93,98,98,92,101,91,125,71
70,107,95,94,103,88,103,100,101,97,95,82,99,96,101,92,95,96,95,119,72
80,114,90,93,82,101,94,96,103,92,96,96,100,100,95,102,88,98,98,117,65
82,106,92,103,94,98,99,104,91,94,102,95,94,91,101,95,97,99,96,97,70
69,109,105,98,104,89,91,102,92,96,91,95,97,95,98,93,104,107,90,104,71
80,109,93,93,99,95,96,89,102,94,91,96,97,106,100,103,90,103,82,106,76
71,105,86,98,94,101,104,92,89,95,105,99,90,99,92,113,85,101,88,127,66
69,113,107,84,89,93,96,95,98,89,109,99,92,98,94,102,91,99,100,119,64
73,111,107,77,101,94,93,100,92,99,93,103,110,94,90,97,99,91,94,115,67
78,113,89,97,84,112,85,103,98,96,103,88,84,94,103,98,92,90,93,110,88
68,121,98,88,94,89,112,88,113,99,94,91,84,95,102,103,76,107,91,120,67
70,112,95,96,89,95,104,95,108,98,90,97,89,92,92,98,89,97,89,128,77
67,119,102,88,86,100,94,93,102,95,95,96,92,101,93,100,92,91,97,116,81
69,125,96,94,99,95,100,100,92,94,98,95,92,99,92,96,90,90,93,116,75
72,116,86,106,98,90,106,92,103,99,104,84,94,96,100,98,93,91,88,131,53
71,113,108,89,99,96,96,100,102,83,103,94,99,94,98,92,89,90,107,110,67
66,111,103,95,100,99,96,99,103,90,91,107,88,105,91,97,86,102,91,112,68
72,104,104,84,102,92,112,101,99,106,86,98,94,95,94,89,98,87,93,114,75
71,103,106,100,93,105,96,98,109,93,93,94,107,95,92,98,85,97,89,114,62
58,116,105,96,102,102,88,95,103,101,89,99,101,92,103,87,89,103,95,99,77
79,109,105,92,99,98,97,104,89,90,96,101,102,102,88,99,87,91,77,123,72
66,103,107,93,113,99,92,97,87,97,91,99,107,96,93,103,95,88,92,117,64
83,91,102,96,96,110,100,92,94,95,86,100,110,101,95,92,96,96,85,100,80
76,108,107,91,102,103,99,100,86,99,101,87,105,107,102,82,96,98,91,104,56
64,124,102,92,98,89,111,92,103,89,96,92,109,91,95,94,100,95,94,109,61
67,112,96,97,101,104,99,106,87,100,93,99,87,101,89,95,104,90,95,109,69
69,94,99,97,106,97,110,93,90,93,93,92,93,92,97,102,99,97,97,118,72
70,122,86,94,104,108,94,93,96,102,96,99,94,95,91,90,99,99,88,121,59
66,106,113,90,100,95,108,97,97,106,94,85,90,89,91,92,103,94,101,106,75
73,107,102,93,89,96,112,93,101,89,108,85,85,104,84,102,90,94,100,123,70
75,108,93,97,97,97,97,97,86,95,100,100,81,100,99,102,94,96,105,109,72
72,103,88,101,100,97,95,102,98,94,93,93,102,84,100,93,100,96,103,110,75
80,105,92,105,97,93,97,90,95,102,95,97,76,115,90,87,101,98,95,105,84
66,124,99,98,96,96,85,100,92,94,97,91,98,94,105,102,97,89,97,108,72
64,121,96,104,93,86,104,89,86,95,88,103,99,93,95,112,87,101,91,118,74
66,108,104,97,89,103,88,110,99,80,104,87,98,107,94,83,102,91,96,122,72
69,120,102,92,98,95,105,92,95,87,107,88,95,92,92,102,97,91,97,122,62
66,109,96,102,94,93,99,96,96,99,96,89,105,101,91,98,96,88,88,133,64
68,105,93,104,90,92,99,98,95,102,86,91,96,97,92,88,106,97,96,116,88
79,104,100,97,90,100,91,96,104,94,100,95,87,85,103,97,101,97,111,103,66
73,116,94,91,99,102,97,91,96,99,96,90,96,92,96,89,110,89,100,119,65
71,109,96,99,102,84,102,96,95,95,104,95,83,97,94,100,98,101,91,113,75
76,103,109,91,90,97,96,95,94,87,95,101,84,99,94,90,106,100,102,125,66
66,120,85,89,106,86,102,102,92,99,86,97,101,89,97,86,96,102,96,120,82
70,127,99,86,90,92,100,95,95,98,102,86,98,91,95,97,103,93,108,114,61
73,116,94,87,99,88,93,92,109,95,93,98,96,92,90,94,99,98,106,124,64
73,117,97,94,82,98,107,85,97,95,87,97,106,96,81,107,85,96,113,95,92
75,120,90,99,85,94,94,96,95,95,99,81,105,87,98,99,92,101,97,120,77
80,114,91,94,94,91,90,100,100,90,104,90,98,89,91,97,100,97,101,116,73
78,115,92,84,95,86,88,94,97,101,99,94,87,111,95,96,90,106,104,112,76
66,124,105,92,96,82,93,97,87,104,100,96,101,89,97,106,93,96,103,115,58
83,105,101,105,98,98,83,88,92,99,98,92,95,98,92,105,92,92,101,116,67
69,109,107,95,94,80,101,85,96,101,97,101,87,94,100,103,92,103,96,119,71
75,109,103,99,86,87,92,96,87,98,102,89,96,94,92,103,104,105,87,121,75
77,113,93,100,92,89,82,96,92,109,89,90,91,96,97,97,99,104,103,117,74
82,106,108,85,86,89,94,98,99,100,89,98,93,86,95,95,98,104,102,114,78
81,113,98,85,96,82,104,95,94,93,98,98,82,101,92,113,96,98,101,104,76
71,129,101,100,91,94,97,102,75,96,93,89,96,95,99,92,104,95,97,118,66
77,118,99,94,101,84,97,88,87,102,92,94,104,91,91,101,105,97,95,121,62
67,116,107,98,87,92,96,100,90,92,98,96,93,91,98,103,96,90,102,109,79
76,129,91,92,83,93,102,90,102,89,101,93,109,95,91,112,86,84,97,110,75
73,117,92,98,96,98,94,93,91,90,103,92,96,95,97,95,88,94,103,123,72
77,113,90,96,99,97,85,89,93,87,101,109,96,95,91,90,100,104,95,115,78
79,103,102,96,90,96,98,89,82,96,106,106,97,104,91,86,97,96,110,106,70
67,118,94,102,82,98,94,96,104,94,110,90,93,97,96,90,89,97,106,106,77
77,105,99,89,91,96,95,106,93,91,101,94,92,95,95,95,106,98,94,100,88
82,113,95,89,90,78,98,96,98,92,93,99,94,103,80,109,102,97,94,122,74
82,111,97,98,91,98,85,89,101,100,91,89,93,108,85,97,100,85,102,120,78
73,122,100,93,94,91,114,73,99,95,85,98,88,92,105,92,87,93,107,112,86
76,127,95,87,99,100,103,84,95,88,99,92,93,90,93,105,83,95,107,110,79
79,115,108,89,93,101,97,95,93,93,84,89,102,94,91,100,98,97,94,111,77
74,110,103,99,92,97,93,106,84,84,99,89,104,88,97,101,95,89,96,122,78
78,116,102,93,105,86,107,92,84,102,96,90,97,91,98,98,91,113,79,112,70
71,122,96,99,100,91,85,99,98,102,82,98,102,85,95,98,104,88,91,113,81
85,106,92,89,90,102,96,102,96,86,101,95,88,99,90,97,93,97,94,127,75
85,101,103,90,95,93,92,100,85,107,87,100,95,98,94,88,98,96,91,123,79
76,113,89,92,94,91,98,97,105,88,104,98,81,103,95,102,86,94,104,110,80
79,110,87,96,98,92,99,93,94,102,101,79,106,94,98,89,89,106,102,120,66
64,115,99,88,98,94,99,95,101,83,98,104,81,105,87,98,93,91,104,115,88
78,106,89,95,94,91,101,102,102,98,100,84,88,102,90,90,96,95,110,105,84
66,121,91,89,105,85,101,93,93,99,95,91,91,92,102,96,95,101,88,134,71
74,114,98,92,84,92,91,101,98,96,94,95,92,97,86,98,99,102,93,128,76
75,112,97,90,87,85,94,108,97,92,98,85,97,96,96,87,108,110,100,120,66
75,109,87,96,90,96,89,95,94,100,89,102,90,108,89,109,101,98,97,108,78
91,109,92,90,86,85,100,103,98,89,87,93,99,89,98,92,100,102,96,118,83
78,124,83,86,90,90,95,101,98,90,94,99,81,95,87,107,101,108,91,124,77
70,119,90,82,91,103,89,97,94,92,99,96,98,95,100,100,100,95,108,115,67
77,113,75,104,91,90,92,102,89,96,88,101,97,101,97,92,105,97,106,122,65
62,113,102,94,90,94,89,96,89,105,91,93,100,97,87,90,99,99,105,120,84
76,109,96,88,101,85,84,102,91,88,106,92,99,97,104,95,112,92,92,110,81
64,106,106,95,98,97,80,96,91,91,98,88,109,93,99,112,83,95,111,105,83
71,119,96,89,95,92,89,92,87,98,97,107,85,109,105,89,105,104,101,100,70
81,106,93,98,92,100,79,91,89,109,86,103,106,90,96,99,95,101,94,130,62
75,114,90,96,86,86,88,82,101,102,96,95,108,93,98,102,100,94,97,117,80
63,123,93,94,95,81,102,80,102,99,93,96,105,99,97,90,106,102,91,115,74
79,103,96,103,82,91,91,101,90,95,99,93,89,108,92,97,89,97,104,119,82
75,110,90,92,94,92,96,106,96,81,105,99,92,97,96,100,90,97,99,121,72
78,106,95,103,82,95,86,97,102,96,99,95,94,100,92,93,103,100,99,110,75
76,112,89,99,87,96,90,89,97,100,100,100,90,99,91,93,103,100,87,123,79
84,106,98,83,103,93,90,99,98,100,98,85,100,89,103,90,96,95,102,105,83
76,116,89,90,86,89,94,98,102,100,105,101,99,91,91,105,82,100,102,111,73
71,106,90,96,94,85,91,96,107,93,89,104,93,87,102,92,99,106,101,120,75
74,115,99,94,87,89,90,97,100,97,96,92,101,93,104,101,102,92,85,113,79
83,122,84,105,96,86,90,92,91,102,97,96,95,99,92,108,91,88,95,112,76
79,106,102,107,87,90,91,88,99,93,92,99,100,104,87,95,93,100,99,107,79
77,121,104,94,90,82,87,98,97,96,96,97,97,97,101,95,92,97,87,108,87
75,110,112,97,95,85,92,82,111,103,99,90,100,91,97,85,95,103,92,110,76
75,116,88,99,89,91,91,100,91,101,94,103,91,104,85,94,97,99,96,120,76
79,114,91,98,84,97,80,101,96,90,97,99,93,100,98,89,88,103,106,118,79
77,114,89,89,86,93,103,98,88,97,101,92,94,94,102,83,100,90,105,116,89
79,111,93,98,88,98,101,81,100,99,90,92,94,91,97,105,85,104,89,127,78
85,109,90,91,92,88,100,90,97,97,108,96,86,92,96,103,95,97,102,109,77
80,115,90,95,100,93,83,95,96,93,97,104,91,93,100,96,93,97,101,110,78
70,114,97,91,94,94,93,88,102,93,104,86,94,98,83,98,101,93,109,122,76
75,113,99,88,102,96,95,92,86,103,101,93,90,92,93,100,89,109,85,124,75
78,107,106,82,85,101,98,96,95,95,91,96,100,94,92,85,110,93,105,113,78
72,116,99,92,91,95,98,98,99,89,85,88,90,102,94,96,99,102,101,125,69
80,115,91,86,96,110,88,95,100,93,91,91,96,92,99,103,89,98,105,112,70
81,112,92,86,101,108,91,101,85,96,92,86,102,97,101,94,92,95,99,111,78
74,115,100,100,99,94,93,100,89,99,91,98,83,99,97,91,94,100,99,118,67
84,98,108,103,86,93,100,96,88,97,86,91,94,100,98,88,97,97,102,114,80
71,119,102,102,88,98,90,95,87,93,99,95,95,100,96,103,98,89,103,112,65
70,106,99,98,99,95,85,87,101,96,95,87,104,102,100,97,89,103,93,114,80
80,107,93,92,102,89,96,92,97,87,99,95,98,95,100,96,102,97,96,116,71
82,99,105,91,103,88,93,92,96,93,91,97,98,96,96,101,95,92,89,125,78
64,112,111,91,101,94,88,89,96,94,95,91,91,97,101,98,97,105,95,110,80
67,113,92,105,97,84,104,95,81,101,95,97,88,105,92,101,102,88,105,108,80
80,112,97,83,87,99,90,84,103,89,102,92,95,95,92,109,101,91,97,140,62
76,114,98,91,77,95,98,96,103,85,97,94,98,100,97,106,98,88,97,124,68
73,109,100,105,73,95,97,101,88,95,103,86,97,102,95,95,97,88,104,126,71
72,117,96,86,94,98,90,93,89,102,99,97,95,94,106,92,95,105,98,106,76
70,119,88,98,100,97,91,88,96,97,107,84,104,85,102,96,93,95,95,117,76
69,119,96,91,99,97,92,89,95,103,90,91,97,99,94,97,100,97,91,119,75
75,121,89,92,87,103,92,95,94,101,93,98,96,90,91,103,95,87,97,113,87
60,124,96,100,101,86,115,91,93,89,95,89,98,91,88,101,88,105,103,113,74
76,107,105,87,103,92,105,93,99,91,83,107,84,99,102,95,83,88,111,109,81
74,119,102,94,87,97,105,90,97,96,95,79,90,93,96,96,102,92,101,126,69
82,102,97,99,97,102,99,91,92,98,81,88,92,100,96,114,87,96,98,97,92
75,110,98,112,94,96,98,94,102,87,81,91,104,91,96,108,88,89,106,108,72
67,114,94,110,93,97,97,103,93,96,86,83,93,100,97,96,103,96,86,119,77
84,103,95,94,94,104,93,101,90,88,85,101,96,88,110,95,94,99,96,121,69
82,104,105,94,99,102,97,92,103,87,82,92,85,95,98,95,105,98,108,112,65
68,118,98,98,89,113,96,85,94,98,93,82,90,91,111,93,96,101,102,117,67
69,124,97,91,93,107,90,105,86,93,100,89,94,90,91,112,98,94,100,104,73
71,110,98,92,96,103,94,98,95,88,95,90,99,91,92,93,94,94,103,125,77
72,109,106,86,94,101,99,102,81,102,91,103,94,95,96,89,102,94,93,121,70
73,122,89,100,88,89,98,94,102,94,96,109,95,91,86,101,91,95,99,109,79
74,115,96,101,92,98,95,102,100,100,91,98,100,91,103,76,100,98,95,95,80
77,115,93,102,98,93,98,88,110,88,97,94,98,96,97,90,93,97,110,99,67
75,124,98,105,93,93,99,91,102,97,100,92,84,96,100,98,94,96,91,107,65
76,105,94,97,90,99,105,104,89,98,92,98,90,101,105,101,82,96,95,101,82
72,116,100,89,92,92,100,102,96,97,98,99,90,92,98,101,89,93,90,134,60
78,117,88,103,103,92,107,107,86,97,89,97,102,81,108,87,102,90,87,107,72
62,131,91,96,97,84,99,104,101,104,85,98,102,94,98,96,101,90,89,103,74
77,118,100,95,92,88,100,88,99,103,98,85,102,98,101,95,94,90,93,116,68
72,116,104,94,95,98,106,79,93,98,89,103,101,98,95,103,92,88,102,111,63
71,113,83,103,96,100,87,104,85,93,109,95,102,98,94,101,86,96,103,100,81
76,107,100,91,98,92,93,98,100,89,104,100,96,102,80,105,99,99,92,110,68
66,119,90,89,101,99,94,98,93,97,97,96,98,106,97,87,96,103,89,117,67
82,102,94,105,79,106,106,89,90,93,100,92,100,102,98,98,98,102,87,103,74
63,118,92,94,102,93,93,95,105,103,91,86,95,100,104,92,90,101,108,114,61
71,109,95,103,102,100,89,97,91,104,75,101,106,94,98,85,102,103,98,116,61
78,105,86,90,95,100,99,96,92,95,102,91,96,101,101,96,91,93,106,113,72
77,122,98,83,92,98,97,102,83,95,98,102,94,97,100,94,94,91,101,111,71
80,99,99,93,91,94,99,91,95,95,98,103,101,94,96,94,103,97,90,121,67
82,116,92,93,93,91,102,95,92,97,96,92,102,102,100,96,99,91,91,112,66
76,126,94,100,88,90,103,95,102,94,91,89,99,104,87,104,97,83,94,110,74
65,125,94,97,100,87,97,105,105,82,103,88,97,101,88,94,104,92,96,112,68
71,113,95,88,105,86,93,95,99,100,89,98,100,94,96,91,107,97,91,119,73
58,122,91,89,99,102,85,99,96,98,95,98,94,95,98,104,88,96,102,110,81
77,116,97,93,93,95,85,109,94,99,95,96,86,95,104,95,94,97,90,97,93
72,115,106,91,96,86,91,95,103,106,94,101,86,95,100,83,106,82,90,118,84
73,129,93,85,93,96,104,82,96,103,99,90,99,92,100,93,100,95,92,111,75
72,120,93,91,99,95,96,95,88,92,107,93,106,93,103,92,99,95,86,108,77
73,109,98,87,101,97,99,91,83,108,97,91,103,91,109,91,93,89,99,117,74
81,112,92,102,81,89,95,98,93,95,94,105,107,97,90,93,97,87,103,109,80
81,108,98,96,86,94,88,98,102,85,99,104,94,99,99,90,108,93,91,112,75
80,107,99,89,96,81,98,92,96,103,105,108,90,86,101,98,99,92,96,109,75
71,116,103,87,81,87,95,98,97,98,97,103,87,99,99,95,92,103,104,108,80
79,111,94,90,90,94,88,88,107,93,105,97,99,92,87,96,101,84,104,120,81
80,108,91,87,99,98,91,87,90,99,98,103,94,94,101,94,88,98,112,110,78
76,109,98,94,90,89,93,97,95,94,104,92,91,99,93,96,95,90,102,112,90
75,120,91,97,77,101,86,90,96,102,94,98,93,95,96,96,86,100,107,127,73
72,113,96,94,91,86,87,95,114,98,96,100,86,100,100,99,87,97,92,125,72
73,120,100,84,87,81,99,101,104,92,102,97,86,98,89,113,87,91,87,125,84
87,101,93,92,96,99,94,98,94,99,90,93,99,97,96,98,94,97,102,109,72
74,113,97,87,96,95,97,84,96,102,95,89,103,84,103,92,98,104,101,105,85
71,111,99,88,92,87,101,99,105,98,92,96,91,96,100,96,103,91,84,115,85
76,115,95,95,95,108,78,94,98,93,97,86,102,95,96,96,88,94,108,114,77
72,118,102,91,92,83,106,91,95,96,89,93,105,91,101,86,105,89,100,120,74
76,114,106,85,92,90,87,97,94,103,92,88,105,91,100,95,94,95,97,113,86
77,113,108,88,96,86,99,97,94,97,98,94,95,90,104,94,95,90,115,91,79
76,108,88,93,101,87,105,90,97,94,98,83,101,102,88,100,95,96,104,104,90
87,102,102,94,97,97,95,98,96,87,88,98,100,90,92,95,100,93,96,119,74
80,106,100,103,93,97,80,104,89,97,94,82,101,106,94,88,94,97,109,105,81
67,117,110,92,94,102,88,93,96,80,109,91,86,107,97,83,91,95,95,122,85
74,120,91,105,95,97,100,87,95,97,102,99,83,103,87,89,89,106,103,116,62
74,116,111,88,102,98,91,90,85,100,90,95,100,94,94,98,91,103,100,111,69
73,108,95,104,85,104,87,86,107,87,90,99,94,100,93,112,87,90,107,119,73
77,105,98,84,99,94,102,97,95,89,95,98,91,89,107,90,104,101,93,117,75
71,103,107,96,92,97,93,89,105,91,97,89,102,83,103,98,100,98,89,123,73
74,116,104,89,105,91,99,91,100,87,93,94,83,103,104,95,106,89,108,102,67
66,118,90,101,98,108,94,89,94,85,102,98,85,99,90,106,95,107,92,102,81
81,109,101,105,88,111,91,85,89,100,92,97,96,89,103,94,97,90,104,110,68
72,116,98,98,105,99,95,89,92,96,99,87,102,97,103,91,102,93,94,111,61
73,114,106,98,98,96,91,100,93,92,87,97,105,89,100,92,96,87,94,106,84
65,123,99,100,105,102,106,87,95,97,96,83,99,92,93,98,85,102,92,104,77
75,114,100,100,96,109,83,101,94,87,96,98,95,99,103,91,95,86,105,103,70
77,114,108,89,105,98,108,92,83,93,86,100,96,103,94,102,76,98,92,117,69
73,112,103,106,94,106,89,91,86,96,81,102,112,92,89,93,102,91,104,101,77
71,107,94,102,105,91,98,90,96,90,93,93,101,99,92,99,85,99,95,124,75
79,120,99,95,96,92,105,96,94,90,97,96,90,91,99,91,91,98,96,118,67
65,108,97,97,105,94,96,88,97,92,89,100,96,103,89,93,101,94,105,116,75
68,110,100,97,107,90,99,97,87,104,96,93,94,85,104,92,99,99,98,98,82
61,121,99,99,106,97,99,102,92,73,113,81,89,101,97,85,98,102,99,107,79
80,103,99,103,92,114,86,95,90,103,86,101,90,101,89,93,96,93,98,110,78
80,103,92,99,101,104,98,94,83,94,96,99,101,85,96,95,92,92,100,124,72
66,116,87,90,101,98,101,92,86,103,94,95,102,81,103,89,96,109,91,126,74
69,109,100,92,103,97,94,95,90,101,90,90,106,82,106,92,82,107,101,120,74
77,106,101,95,107,100,95,92,90,98,85,101,92,98,97,86,103,98,94,106,79
81,112,95,103,89,105,90,96,91,93,99,88,98,91,103,90,105,83,106,116,66
67,125,90,99,88,107,93,91,95,86,95,89,102,90,91,95,97,93,104,110,92
76,122,103,99,98,87,99,88,103,76,104,93,99,91,86,98,96,98,102,119,63
83,111,106,100,98,95,94,92,84,101,98,93,91,96,102,91,84,108,82,114,77
72,120,94,104,86,100,90,91,93,97,100,94,90,90,86,105,98,95,106,111,78
73,131,100,99,94,103,91,99,84,102,96,91,77,96,94,84,97,94,99,122,74
85,113,103,94,102,98,95,97,104,93,83,93,93,88,89,110,89,100,91,116,64
82,114,105,94,96,98,104,96,91,92,92,99,88,83,89,104,93,90,98,113,77
82,123,103,100,97,98,96,91,98,95,86,98,83,97,86,97,87,96,90,119,78
79,115,104,97,104,99,100,90,107,90,87,98,93,90,102,95,91,78,110,106,65
85,105,121,84,106,90,100,102,91,95,87,94,101,94,89,97,94,91,95,109,70
76,108,97,96,103,96,100,97,92,102,80,103,91,101,100,87,85,97,90,113,86
63,129,95,101,93,105,103,93,90,103,92,89,97,97,91,97,88,89,98,112,75
68,116,99,95,104,98,97,99,103,91,94,94,91,99,88,90,99,89,93,108,85
75,118,105,91,96,100,94,95,105,94,98,93,88,103,95,78,96,92,90,121,73
67,107,98,96,94,100,94,105,95,97,102,95,96,89,86,94,97,90,92,114,92
86,113,97,98,98,102,101,92,89,107,94,94,88,87,83,102,95,96,95,105,78
66,117,99,90,97,88,98,105,97,98,102,93,92,96,96,89,89,101,95,123,69
71,118,105,83,100,84,100,107,103,104,90,103,95,95,85,94,89,97,102,108,67
74,116,104,81,90,99,99,105,98,101,90,108,93,88,96,101,81,94,93,118,71
70,114,96,83,97,99,110,96,104,109,79,94,101,94,90,92,96,99,103,105,69
75,121,95,84,97,99,96,101,101,93,99,108,90,99,99,80,90,97,95,122,59
79,116,91,98,84,96,96,106,103,100,98,103,90,102,93,100,80,97,95,101,72
80,99,99,85,102,95,97,83,108,91,99,103,99,93,99,95,96,93,97,121,66
63,115,93,105,93,98,102,100,93,93,105,98,91,92,92,105,87,105,97,110,63
70,116,93,82,104,101,97,91,111,99,95,93,95,95,93,90,101,96,92,103,83
66,121,91,83,104,100,100,106,88,98,98,104,99,88,100,95,96,94,86,110,73
70,108,94,89,107,91,110,91,91,93,109,98,102,88,97,100,93,97,92,112,68
72,108,91,91,94,98,108,84,106,92,96,95,91,94,97,98,104,93,102,103,81
79,107,89,87,98,94,95,109,101,92,103,92,94,94,88,97,99,87,105,109,80
66,103,95,89,109,85,106,100,98,99,84,103,91,93,93,95,101,95,94,121,80
66,92,100,105,98,89,91,92,105,96,96,113,92,92,97,96,100,98,100,114,68
80,99,87,91,102,96,95,99,109,91,97,94,92,97,86,105,103,97,93,117,70
79,107,86,89,83,110,103,81,103,101,102,94,91,95,98,93,93,88,109,113,82
72,105,96,88,94,92,95,99,103,98,95,92,93,106,100,90,93,96,94,140,59
76,104,95,82,89,91,103,100,97,106,86,99,89,106,104,95,87,89,111,115,76
73,119,98,87,86,94,99,101,93,95,102,88,104,88,103,93,88,95,104,114,74
75,105,83,88,91,94,98,105,97,98,97,91,96,93,100,101,96,101,98,110,83
67,104,103,93,82,98,109,99,102,92,91,90,101,94,91,97,96,98,97,127,69
72,112,97,96,102,92,99,107,95,92,86,106,89,88,96,93,105,100,100,112,61
64,100,103,95,100,99,92,92,93,107,84,90,101,100,87,103,95,97,106,118,74
76,115,91,101,96,100,99,100,86,93,89,95,101,86,103,99,98,89,99,112,72
68,108,105,98,100,92,95,101,92,95,90,99,95,97,98,103,95,87,109,107,66
69,119,90,105,101,98,94,98,81,89,79,102,105,99,89,107,91,93,90,125,76
63,117,95,96,100,103,102,95,91,90,88,92,100,96,91,95,99,96,95,123,73
62,126,97,92,98,103,98,87,98,87,100,94,90,95,97,92,108,97,97,105,77
80,104,92,96,110,94,102,96,91,96,90,100,95,94,84,97,102,105,104,105,63
69,118,90,108,97,90,104,99,86,95,98,89,95,99,93,94,99,102,93,105,77
74,107,99,104,88,102,93,100,97,89,103,97,95,98,95,89,103,92,94,106,75
70,110,96,96,95,99,95,105,93,94,89,88,98,106,92,87,105,93,94,118,76
69,105,102,95,103,97,96,100,102,104,89,92,98,97,96,81,105,101,94,115,59
71,108,96,101,98,106,94,102,91,107,93,90,90,98,77,103,96,92,87,119,81
66,123,106,91,96,95,95,103,92,102,97,108,92,91,84,99,94,98,77,121,70
76,114,104,96,90,100,98,97,105,101,103,97,96,92,94,88,95,88,106,100,60
74,108,106,99,87,106,99,104,100,103,95,104,83,97,84,89,96,98,92,105,71
75,112,97,96,96,92,108,97,97,94,99,96,94,97,85,93,98,85,93,120,76
65,125,97,93,92,103,98,98,98,100,97,101,93,84,105,80,92,92,100,107,80
75,122,108,98,96,94,108,101,92,103,96,91,96,89,91,86,100,94,95,104,61
79,119,99,93,108,94,103,99,98,99,94,98,92,93,90,99,83,99,90,109,62
73,112,98,107,98,100,102,94,91,98,98,96,92,96,98,79,101,85,97,111,74
69,125,111,88,101,104,94,95,96,100,98,93,96,93,97,91,81,84,90,126,68
82,121,99,101,95,92,100,85,104,93,102,100,98,90,73,98,97,82,91,117,78
75,127,92,108,89,106,90,98,102,86,93,102,95,104,82,86,91,96,97,109,72
72,110,107,96,104,89,95,99,98,101,86,100,96,93,94,97,95,95,92,106,75
85,95,110,96,98,96,100,96,94,93,96,101,85,100,91,95,91,96,90,113,79
80,118,98,92,103,88,97,99,89,100,93,95,99,87,93,94,94,97,92,120,72
70,117,106,92,100,102,89,93,89,89,102,94,90,84,101,95,91,101,86,118,90
66,113,103,100,97,90,103,94,87,97,97,92,93,94,91,94,92,102,95,111,89
76,113,95,93,102,98,98,95,89,106,77,107,92,92,96,95,97,87,100,118,74
75,124,81,110,97,93,91,91,96,104,85,91,98,93,94,101,97,92,91,121,75
65,121,95,93,96,104,98,89,94,95,94,90,94,93,103,102,91,87,100,116,80
70,119,100,109,93,90,102,94,101,85,93,97,94,100,104,85,93,98,91,115,67
76,103,112,104,93,97,103,99,92,90,85,106,94,105,92,88,97,104,91,101,68
68,104,102,93,105,96,101,97,93,95,96,97,93,97,99,98,98,96,86,118,68
71,117,100,99,92,101,98,93,94,87,98,94,94,101,99,89,100,99,89,117,68
74,112,100,97,91,103,89,94,94,93,100,95,111,85,100,92,99,91,91,119,70
80,111,96,93,89,95,102,86,98,96,90,97,97,99,104,87,89,97,97,116,81
72,117,100,96,88,97,98,93,97,98,97,88,99,86,100,97,101,93,89,114,80
71,113,94,95,94,97,92,99,95,98,87,93,96,100,101,103,90,107,84,109,82
78,112,97,85,96,100,92,97,95,105,98,99,90,87,101,106,91,102,91,101,77
76,124,89,94,89,98,97,97,100,88,93,92,101,90,102,92,102,89,98,114,74
60,124,90,92,94,105,98,103,95,95,94,95,91,100,98,96,91,98,99,118,64
76,105,102,93,94,90,107,93,101,95,93,97,97,98,84,94,89,99,91,121,81
75,109,95,96,98,95,95,101,93,95,103,95,97,90,97,101,91,89,98,107,80
70,106,95,95,101,93,100,99,88,101,92,104,85,95,107,87,82,96,107,122,75
79,111,86,94,96,86,105,98,99,96,93,89,105,94,98,94,94,95,103,111,74
77,116,92,97,93,95,100,88,101,100,96,93,91,102,90,94,96,94,89,118,78
75,120,97,86,89,99,96,113,91,98,99,91,90,93,94,104,95,86,84,120,80
69,125,91,84,108,96,107,83,98,94,99,105,84,97,93,97,98,90,89,122,71
55,129,96,92,101,104,99,99,94,105,95,97,91,94,94,90,97,94,93,116,65
74,112,96,105,92,110,91,99,96,100,91,95,86,102,92,89,101,87,98,111,73
76,113,100,91,96,105,96,94,97,92,98,103,87,104,91,91,86,91,98,115,76
82,112,93,96,100,95,94,95,95,96,99,90,105,93,93,95,88,92,106,108,73
72,106,93,101,95,102,90,101,101,95,98,96,94,102,92,88,95,90,103,116,70
73,116,88,95,102,100,112,96,88,103,90,87,100,98,89,98,94,88,95,113,75
65,109,100,96,103,94,106,104,98,96,85,96,91,105,92,89,95,89,100,114,71
81,110,100,103,100,95,109,94,94,93,94,96,98,96,93,96,90,97,95,100,66
75,112,97,104,97,102,105,96,88,104,85,103,96,96,86,108,95,85,98,109,59
76,110,101,92,101,99,108,97,83,104,95,93,93,101,99,88,98,90,96,112,64
72,107,108,96,106,95,95,93,93,88,97,98,86,95,109,97,99,93,97,102,74
69,114,100,96,90,99,98,94,95,95,95,95,106,97,95,108,82,102,98,103,69
79,125,83,99,91,102,101,89,99,104,95,101,96,89,83,108,98,98,86,111,63
72,111,104,89,90,98,96,108,98,97,111,81,109,93,90,104,96,89,92,114,58
69,104,103,102,102,89,84,99,103,83,103,108,98,92,94,106,101,95,86,108,71
65,118,87,95,90,109,98,92,86,103,103,104,91,102,97,96,92,108,92,101,70
63,105,102,94,94,99,94,99,98,100,94,97,109,97,98,89,92,100,95,112,69
60,112,103,94,90,92,100,104,90,92,98,99,110,102,95,97,91,92,98,111,70
67,113,97,94,97,91,105,88,91,99,107,90,101,102,97,95,91,95,97,116,67
76,95,98,98,91,95,96,95,97,90,89,106,97,90,103,99,98,93,105,104,84
77,113,97,97,85,102,97,91,97,89,96,104,99,87,103,98,94,97,98,103,76
81,111,92,85,96,107,87,102,84,91,103,84,103,104,89,101,99,88,96,113,84
61,123,100,95,92,99,92,94,88,93,101,96,94,100,95,110,92,86,97,125,67
81,118,90,104,84,103,92,89,86,93,109,94,107,97,89,98,87,92,102,118,67
66,123,96,83,97,102,102,87,93,95,94,95,107,103,87,92,105,92,95,105,81
69,122,97,96,100,94,90,90,84,106,92,97,103,95,93,96,96,90,90,117,80
77,119,85,93,112,101,84,97,86,98,90,90,108,80,103,96,88,104,97,115,77
71,112,102,95,103,87,101,87,103,100,82,106,87,94,97,101,88,95,92,108,88
78,106,99,105,92,94,106,98,92,97,85,97,97,88,97,98,82,103,80,132,74
72,118,99,107,98,87,98,97,94,92,103,88,100,92,86,94,92,96,99,114,74
59,117,98,111,98,99,92,94,94,95,95,91,88,98,98,102,87,102,98,114,70
67,112,107,97,100,97,95,96,95,96,92,98,94,80,100,92,90,92,105,115,80
72,99,97,100,97,107,100,108,82,111,88,95,87,92,90,93,98,95,96,119,74
71,112,97,85,100,100,106,110,88,98,96,91,101,91,85,91,92,93,109,107,77
74,104,97,91,100,94,102,96,107,102,96,92,89,94,89,80,101,87,100,123,82
67,108,102,99,94,95,103,94,103,93,102,97,92,96,91,95,95,86,86,122,80
78,118,90,96,99,90,93,105,100,90,92,96,102,88,100,92,90,98,104,105,74
81,100,101,93,100,96,100,89,101,104,93,96,95,82,99,107,92,91,93,113,74
77,101,91,103,95,95,93,98,110,99,98,99,85,82,103,96,91,95,89,113,87
68,110,89,98,99,92,101,99,94,99,100,92,83,100,100,101,83,84,102,119,87
63,119,91,93,89,101,93,98,95,89,92,92,99,107,92,91,92,91,100,124,87
72,119,96,93,97,93,105,87,83,103,96,95,98,94,95,93,89,89,112,110,81
73,109,92,94,97,101,106,76,102,98,99,93,97,100,92,88,93,95,108,107,79
70,114,102,97,85,86,96,113,89,94,92,110,98,98,94,85,101,92,97,116,71
73,118,96,106,81,94,101,96,87,103,104,91,99,98,88,97,92,95,88,108,85
79,119,103,94,99,95,95,94,82,107,98,97,94,98,93,90,90,93,104,108,68
73,114,97,104,89,96,94,93,102,93,93,94,94,104,91,84,99,101,94,115,76
78,110,92,99,98,100,94,98,87,91,98,89,102,88,106,83,100,96,91,132,68
78,111,87,107,88,92,88,98,98,93,97,104,85,107,92,97,94,99,98,115,72
77,119,92,98,90,104,91,98,89,89,89,100,110,90,94,95,96,86,93,117,83
72,115,98,94,107,92,92,101,87,92,91,93,99,98,97,93,95,95,105,106,78
66,118,88,111,90,102,99,91,96,80,104,101,94,95,103,83,93,97,94,115,80
74,126,99,99,104,89,103,95,85,106,93,85,100,98,95,87,97,90,99,106,70
68,113,100,92,104,95,96,85,107,87,98,101,89,87,97,115,93,89,92,117,75
71,126,91,95,95,105,94,95,86,107,92,86,102,95,99,97,87,98,98,111,70
72,115,102,96,89,97,92,99,98,92,97,85,96,105,94,91,94,99,94,118,75
77,121,91,100,100,94,87,94,95,89,93,98,97,102,96,92,82,107,100,105,80
76,115,105,92,88,98,92,96,95,95,97,98,97,97,98,91,92,89,96,112,80
80,110,92,94,101,107,80,101,102,93,93,90,100,98,90,93,102,93,101,101,79
72,103,102,88,107,98,93,99,99,92,95,104,90,87,99,99,109,91,90,117,66
74,113,101,98,92,96,96,102,93,99,94,94,97,87,93,106,96,90,93,120,66
77,122,87,91,110,89,87,99,98,96,101,95,103,90,112,92,92,89,99,104,67
74,118,91,98,87,109,83,106,90,100,94,95,101,87,106,90,83,90,112,112,74
65,112,104,107,81,94,93,98,102,99,99,94,104,86,92,98,95,89,98,108,82
72,124,90,91,92,91,96,97,102,96,97,103,77,106,92,95,97,93,104,112,73
86,102,101,98,87,97,93,102,95,98,96,98,95,93,95,85,108,90,94,107,80
73,107,109,96,81,101,98,102,98,98,88,100,99,83,91,94,93,94,92,120,83
81,117,95,93,91,94,92,101,101,98,97,90,95,86,106,94,93,96,100,109,71
72,110,102,92,98,98,97,92,104,97,99,90,89,86,98,101,93,96,108,114,64
73,107,98,103,94,96,92,99,98,92,90,95,106,96,95,96,94,88,105,117,66
73,123,90,104,93,94,94,81,107,88,96,101,103,87,93,104,97,105,91,107,69
75,119,103,107,93,95,85,87,108,91,96,95,100,92,94,103,100,86,105,115,51
81,112,101,86,97,101,90,93,95,94,91,96,101,108,94,85,95,94,101,111,74
73,121,106,81,89,91,97,95,95,93,98,97,87,108,89,103,99,90,91,118,79
67,125,93,82,103,97,97,95,97,94,93,102,91,101,83,110,96,91,91,122,70
74,100,101,96,102,82,101,93,95,97,90,100,103,98,88,99,95,99,86,124,76
66,119,95,97,106,92,87,102,93,100,88,102,96,101,99,91,94,94,97,112,69
75,115,96,99,99,78,109,89,100,86,100,100,100,97,105,100,83,87,95,109,78
76,115,87,100,92,98,93,99,92,99,104,100,84,98,98,84,107,88,107,89,90
79,113,99,97,98,82,98,103,94,109,100,88,87,92,91,98,93,101,98,97,83
67,109,91,93,95,99,110,91,100,95,104,84,102,79,110,86,98,107,87,111,82
65,112,92,91,97,91,101,97,95,92,98,99,85,103,99,97,78,97,109,109,92
63,128,104,90,88,99,97,96,101,78,111,90,99,99,99,86,100,96,92,114,70
71,130,93,87,94,106,84,97,98,96,89,103,98,101,94,94,93,90,103,110,69
76,114,86,102,87,98,91,107,88,98,105,93,96,99,94,90,91,91,104,113,76
75,107,105,97,89,100,95,98,89,102,100,98,87,106,102,91,96,93,91,103,76
73,124,94,97,96,83,97,89,101,96,86,105,93,111,95,85,91,98,102,115,69
69,129,85,97,88,93,98,87,93,103,96,91,95,98,98,94,94,93,112,112,75
66,122,100,85,92,103,96,93,86,102,98,90,94,102,89,99,105,98,91,125,64
71,114,92,101,88,102,94,94,94,98,99,88,103,88,93,101,83,98,97,118,80
66,97,101,83,94,99,97,95,107,94,101,94,104,90,98,85,104,97,108,113,73
75,115,90,95,98,88,97,91,95,95,95,91,97,92,94,98,97,89,102,120,86
65,96,89,103,97,93,108,91,102,89,106,88,92,98,91,95,93,103,101,125,75
81,104,96,97,84,103,103,89,87,107,95,89,93,98,109,96,88,100,102,113,66
73,113,92,87,102,94,98,91,97,99,92,103,86,95,100,89,104,82,106,113,82
63,109,93,95,86,110,86,94,110,96,96,85,96,94,95,104,100,92,106,113,77
68,129,97,88,102,90,97,103,98,102,96,86,95,98,93,91,101,89,102,114,61
73,110,91,95,95,89,89,100,105,102,96,100,97,92,92,89,101,91,108,112,73
73,110,101,95,90,101,92,99,90,100,105,96,100,88,98,78,95,91,99,115,84
64,122,93,94,92,104,85,115,88,101,98,90,107,90,100,80,94,92,95,124,72
77,113,95,93,87,95,94,93,108,96,98,91,108,93,96,93,97,81,105,112,75
86,108,90,89,103,89,100,95,84,101,108,111,92,98,75,99,89,103,95,104,81
76,106,101,93,94,91,95,100,98,103,105,98,89,103,93,88,93,99,90,107,78
75,109,101,83,105,85,103,101,95,99,95,86,124,94,91,93,93,89,89,114,76
75,121,84,106,100,97,98,92,88,89,107,95,101,101,104,92,86,87,90,118,69
62,125,101,88,92,97,94,96,97,96,108,88,108,95,101,94,92,96,94,107,69
73,99,96,101,102,94,86,97,92,101,94,104,90,106,103,95,93,97,89,110,78
71,123,89,91,92,100,89,99,85,98,96,103,85,113,93,96,99,85,108,120,65
78,105,95,99,98,93,94,93,103,93,97,97,89,96,105,96,90,94,89,115,81
73,116,93,97,99,97,90,92,90,100,100,88,97,105,96,98,101,77,110,114,67
81,111,97,93,95,98,95,94,93,95,94,98,95,95,104,95,99,91,107,101,69
85,106,103,100,91,95,88,96,103,96,91,98,93,96,97,103,96,83,99,115,66
70,125,102,99,92,97,89,84,103,94,106,97,89,94,92,100,100,79,101,125,62
89,113,105,97,101,88,96,89,98,84,106,96,94,100,91,90,95,94,90,120,64
85,105,104,104,86,105,81,105,91,97,93,98,98,80,99,87,90,108,97,112,75
78,126,95,105,98,91,94,96,96,97,93,84,97,93,96,83,97,100,106,102,73
66,136,92,102,97,100,98,88,92,97,94,97,81,92,95,91,96,90,104,124,68
70,127,102,85,104,95,95,80,105,90,109,97,82,85,92,89,102,96,107,119,69
67,121,99,104,96,84,103,91,94,90,92,104,79,93,103,89,83,99,98,115,94
77,115,90,97,94,105,94,104,97,93,85,88,102,87,92,97,103,93,99,119,69
85,119,90,101,97,86,107,88,97,92,88,88,96,93,90,101,95,105,94,127,61
79,130,97,97,104,98,87,93,85,100,79,82,106,93,91,106,95,103,91,111,73
72,118,87,104,100,88,98,82,104,84,88,89,99,96,93,107,83,111,98,113,85
76,121,105,108,87,99,96,87,89,91,96,102,85,95,88,97,97,107,90,124,60
78,118,106,90,102,99,89,84,97,93,99,94,85,95,92,102,96,97,87,128,69
74,115,102,101,98,94,96,98,87,86,98,85,94,95,89,103,105,89,104,114,73
80,108,98,96,95,101,95,86,76,91,96,95,98,97,86,98,104,104,104,127,65
59,126,103,99,89,92,94,105,89,85,93,91,99,95,96,92,96,117,95,107,78
78,113,98,101,90,91,100,84,79,102,92,94,103,84,102,94,103,101,106,114,71
82,109,103,88,94,92,92,92,99,97,90,91,96,92,95,104,95,93,97,123,76
81,121,91,103,87,100,85,94,91,86,104,103,88,97,91,93,88,95,106,118,78
74,109,104,102,99,97,89,90,102,90,102,90,86,101,93,97,95,93,104,113,70
77,115,108,95,97,89,97,93,94,90,93,100,92,97,93,94,102,95,101,107,71
73,115,100,96,87,96,91,96,100,85,91,101,96,99,95,98,95,101,90,119,76
81,115,97,88,105,87,110,85,96,94,101,82,90,99,94,99,92,93,98,114,80
71,112,101,90,87,100,93,101,83,97,100,93,101,87,95,104,91,109,92,106,87
77,105,104,97,96,85,92,99,91,98,93,84,101,95,95,90,107,97,93,115,86
73,114,102,90,91,100,90,84,106,95,97,89,96,92,99,99,86,93,107,112,85
75,122,98,91,93,94,89,94,96,104,97,89,95,103,86,89,106,90,101,116,72
83,119,96,103,95,75,92,106,93,104,87,94,95,95,101,93,96,94,91,117,71
77,126,102,90,89,81,98,102,92,88,97,108,88,88,81,107,94,98,100,117,77
72,124,92,96,90,91,89,98,92,98,100,92,92,104,87,96,97,97,103,122,68
76,111,98,98,99,83,91,95,91,99,94,105,89,102,91,80,109,98,97,128,66
87,105,105,89,104,82,94,95,96,83,101,102,96,101,96,86,98,94,94,112,78
74,106,99,100,90,93,96,86,90,98,84,101,85,112,104,97,104,86,101,119,75
79,110,109,88,92,92,91,93,93,100,96,104,94,87,112,87,101,85,91,116,79
79,123,90,88,93,101,90,93,95,86,103,102,93,101,98,106,87,92,99,109,72
80,110,106,84,102,97,80,90,91,97,93,100,91,103,113,91,87,88,101,119,77
60,129,99,96,94,102,85,92,99,104,86,87,96,102,98,89,98,89,105,121,69
66,116,100,95,102,87,102,99,98,91,96,91,80,103,96,95,90,98,97,124,74
69,108,99,91,91,100,99,88,100,93,98,104,96,96,97,96,97,91,96,118,73
76,107,98,95,94,101,94,83,92,103,93,106,85,102,99,102,94,81,106,113,76
72,119,96,100,97,106,85,85,98,91,97,95,100,90,98,100,97,94,91,116,72
85,107,96,101,92,99,99,85,101,100,89,96,93,88,99,94,102,96,101,103,74
68,106,96,89,95,108,90,97,107,98,81,93,102,87,94,102,102,91,97,120,76
67,112,97,98,91,101,101,90,108,96,98,84,92,93,106,92,99,93,99,111,72
68,113,96,90,93,104,96,107,94,95,90,87,98,95,101,105,95,93,91,118,71
73,108,93,93,98,100,91,101,99,82,105,82,103,84,99,104,108,87,92,107,91
66,123,96,86,100,101,91,108,94,81,100,92,98,97,97,115,95,93,91,106,70
70,116,90,100,90,91,102,97,106,93,79,98,93,99,106,96,97,86,94,121,76
72,116,92,88,92,92,99,101,96,98,97,87,100,100,96,94,94,99,94,126,67
72,121,102,86,91,94,93,100,94,94,91,92,101,95,104,99,95,94,98,103,81
77,119,94,93,86,97,104,88,105,99,88,89,100,98,96,104,104,85,89,111,74
82,110,99,93,88,93,95,81,108,90,96,91,99,96,99,110,90,99,89,111,81
63,120,99,91,95,92,92,95,90,92,97,96,102,99,98,87,105,98,96,127,66
84,116,96,94,94,88,96,95,97,95,86,96,108,95,100,99,92,97,98,104,70
78,112,89,100,92,88,88,97,89,97,98,93,96,100,106,91,104,87,97,128,70
82,120,85,96,96,109,88,95,93,80,106,101,92,95,93,103,92,92,85,119,78
83,114,101,83,86,93,107,88,91,100,91,103,91,106,85,97,103,88,93,116,81
72,119,93,84,93,92,88,95,111,101,105,92,104,85,97,88,92,92,102,115,80
68,125,86,95,88,97,78,96,103,95,105,105,90,99,98,90,94,89,95,124,78
73,115,105,95,87,98,93,89,95,107,98,100,92,99,88,85,97,93,105,115,71
76,115,90,95,105,92,95,89,96,96,100,88,95,89,88,102,98,92,98,115,86
75,120,88,91,96,97,90,99,104,88,93,86,100,88,93,104,93,93,105,128,67
76,118,91,83,102,98,96,87,103,92,100,98,88,96,87,101,100,98,106,106,74
71,112,102,83,99,84,100,94,89,106,98,95,99,96,91,91,108,102,96,126,58
74,114,95,92,96,96,99,87,100,100,90,93,101,89,95,93,88,113,99,113,73
73,112,95,90,115,83,94,102,95,89,96,83,100,95,94,96,98,107,90,124,68
73,116,91,100,97,88,96,101,90,93,91,98,95,89,100,92,121,84,106,102,77
74,111,92,94,98,95,95,103,99,90,82,95,89,100,99,99,103,99,106,119,58
78,109,96,92,84,110,101,90,99,88,93,85,95,108,92,97,101,92,108,110,72
74,104,98,98,92,96,96,98,91,107,92,87,92,96,100,92,106,91,106,105,79
66,120,101,99,103,95,96,101,93,89,101,99,95,86,81,105,96,96,94,104,80
67,112,112,99,89,95,96,93,92,94,102,90,100,103,89,94,102,100,96,112,63
63,113,104,95,105,94,101,90,103,93,89,88,100,94,101,82,101,102,102,115,65
72,121,93,91,87,99,93,93,106,102,88,94,88,97,95,90,103,103,92,106,86
86,109,99,105,87,96,84,105,96,89,92,90,91,93,101,102,93,96,108,109,69
76,110,95,94,101,97,94,90,98,88,99,84,101,94,98,94,89,109,105,116,68
73,113,108,88,97,95,94,94,95,97,85,99,88,90,106,100,99,94,104,108,73
76,121,95,95,102,91,95,90,93,95,91,104,88,96,85,99,98,104,98,124,60
75,117,96,94,97,100,91,99,80,90,90,94,105,98,89,101,90,97,108,120,69
74,114,91,89,99,97,94,88,85,104,94,94,90,97,100,97,90,102,106,104,90
83,113,94,93,88,104,99,84,89,96,94,106,98,90,97,98,98,102,96,113,65
76,110,101,104,94,97,94,84,110,79,92,96,93,95,98,95,104,100,84,114,80
78,124,89,100,91,101,95,103,88,92,88,91,92,91,101,100,93,100,102,108,73
67,114,96,96,96,100,90,101,86,95,84,98,94,91,95,104,99,96,101,120,77
70,109,96,103,94,90,102,89,103,83,102,96,87,100,104,82,105,103,91,124,67
78,110,92,90,98,95,97,90,97,90,91,86,91,97,98,99,103,113,105,119,61
74,103,104,92,94,88,91,100,93,81,104,95,88,102,91,107,101,97,101,113,81
74,120,98,96,79,95,93,89,94,93,88,104,92,94,101,104,99,93,101,117,74
66,113,98,94,97,90,93,86,98,94,91,103,92,102,94,95,91,108,110,114,71
65,118,109,89,97,80,97,96,91,94,97,96,88,101,102,93,96,97,98,114,82
75,127,98,97,95,88,93,95,103,96,90,93,96,103,92,96,88,107,91,109,68
66,126,95,94,95,92,94,85,91,97,100,96,96,102,95,98,89,99,97,121,72
82,114,100,99,99,95,86,87,101,90,108,94,97,96,84,90,110,94,90,103,81
75,114,98,95,93,101,91,97,98,80,104,90,107,93,93,90,96,102,90,106,86
79,117,98,82,92,97,92,98,105,88,94,91,101,84,107,99,93,94,99,123,67
73,114,101,87,89,100,91,96,94,88,87,93,105,93,108,87,102,97,106,118,71
81,101,101,81,99,92,99,88,92,87,106,95,98,90,101,100,90,92,94,123,89
76,106,103,81,103,94,88,90,98,88,92,103,104,88,101,87,100,91,110,113,84
72,119,102,106,88,90,90,97,92,102,96,92,91,96,100,86,90,93,109,124,65
75,126,98,90,98,95,92,89,100,89,108,85,94,89,98,113,80,96,95,116,74
79,105,99,81,90,96,100,102,95,95,100,89,94,91,96,99,93,90,104,128,74
70,122,92,95,93,85,95,104,94,104,97,96,88,96,88,96,99,93,105,127,61
71,111,108,98,86,85,97,96,104,90,91,93,106,89,98,103,92,91,92,108,91
73,111,100,92,95,90,88,95,92,93,103,94,96,102,83,97,99,91,98,123,85
64,125,103,85,94,91,108,76,98,103,102,95,99,97,85,100,98,92,100,112,73
89,97,96,92,98,98,86,91,104,93,103,90,88,99,96,90,101,96,95,118,80
76,123,92,106,92,98,85,97,101,97,102,77,93,95,102,107,79,85,95,118,79
66,116,101,90,99,92,99,97,94,91,98,105,96,87,91,93,97,96,93,114,84
79,104,102,85,98,104,96,86,94,99,100,101,81,105,86,91,104,91,102,114,78
77,106,96,96,92,101,85,99,93,100,102,95,99,84,86,97,96,99,101,113,82
73,118,90,91,104,87,89,103,90,95,105,98,93,102,93,87,100,95,98,114,75
83,109,95,100,99,92,94,106,81,98,101,95,98,84,89,90,104,91,107,101,83
72,113,100,91,107,80,98,105,80,104,104,88,97,103,99,80,95,96,96,122,70
79,102,102,105,86,91,102,92,90,102,109,93,94,87,99,90,98,87,102,106,84
74,105,108,85,100,99,82,100,94,93,106,95,91,105,94,98,89,97,95,120,70
71,110,113,92,94,96,98,87,98,99,99,92,115,88,87,103,92,93,97,103,73
79,106,103,85,97,82,100,100,101,101,91,90,97,102,103,86,94,92,103,118,70
81,106,89,95,94,98,95,103,95,100,100,94,86,96,88,102,94,95,94,117,78
73,117,106,80,94,98,96,103,86,94,102,88,100,94,90,95,99,91,103,114,77
62,118,110,86,94,98,102,95,101,90,104,104,88,87,102,87,90,105,99,107,71
73,114,102,85,93,101,95,98,83,101,85,97,102,88,104,92,92,99,98,108,90
61,122,94,95,101,83,103,88,99,99,95,95,90,94,84,105,100,89,102,133,68
76,113,102,95,88,100,96,93,106,101,96,94,97,89,97,98,86,94,101,117,61
74,110,96,114,82,88,93,99,102,90,99,92,100,98,88,102,95,85,105,118,70
74,122,102,87,90,93,97,90,100,89,103,100,85,112,99,95,86,82,105,116,73
94,103,95,92,103,89,86,106,99,93,89,102,91,107,87,95,92,102,100,102,73
60,114,98,93,89,96,102,91,105,92,92,95,99,111,84,85,102,99,104,108,81
73,104,94,91,99,96,99,106,101,93,100,90,94,98,79,95,97,94,101,121,73
65,109,96,97,87,91,104,92,101,107,87,100,81,99,100,103,87,103,104,111,76
70,108,98,89,92,103,90,98,97,103,103,97,88,95,95,90,93,100,101,110,79
61,102,96,93,104,97,92,99,106,97,101,96,84,95,96,97,96,103,103,103,79
68,106,97,95,96,103,101,91,103,84,108,100,93,89,93,92,100,102,109,105,65
63,110,91,94,101,105,90,96,100,94,102,102,101,87,97,102,95,99,99,114,58
72,111,93,85,103,97,90,98,104,98,94,95,101,88,93,93,90,102,99,124,70
68,104,89,85,108,101,104,93,96,102,91,91,105,91,105,84,100,96,107,106,74
71,111,99,84,99,103,86,100,96,99,100,98,100,88,104,86,96,92,108,116,64
74,115,96,102,93,99,96,92,93,103,99,97,88,90,90,99,93,89,105,105,81
88,101,92,98,99,88,95,97,94,103,96,96,94,90,97,89,92,94,99,119,79
71,116,96,87,101,94,86,102,89,104,91,96,98,99,90,90,102,97,108,108,75
68,114,102,89,93,95,91,94,99,91,102,108,101,81,92,98,85,99,103,110,85
87,105,102,96,89,87,93,99,100,96,100,94,97,97,100,86,84,96,102,119,71
78,115,104,100,97,88,82,96,101,103,90,99,97,99,83,98,86,100,99,131,54
60,141,98,93,95,100,91,92,92,111,75,96,97,94,91,98,94,95,97,113,77
74,116,97,95,90,107,86,99,88,89,103,94,103,91,96,90,100,83,106,122,71
72,98,103,103,93,88,108,93,89,82,104,100,96,90,104,94,93,103,100,105,82
72,126,90,100,100,96,94,95,97,88,88,104,98,92,102,87,93,93,95,124,66
78,114,104,97,96,101,92,102,83,95,93,100,99,88,100,86,90,102,96,107,77
84,114,107,83,98,93,97,88,110,83,92,102,92,95,92,87,105,96,93,112,77
75,121,107,91,93,98,102,96,89,93,98,89,97,92,91,94,99,80,100,115,79
65,121,98,93,100,89,105,84,104,99,97,83,104,100,99,90,84,96,99,111,79
73,108,100,105,90,101,97,88,103,85,96,100,87,106,88,100,90,91,99,124,69
78,115,98,92,94,105,84,100,107,91,94,88,110,91,88,98,102,84,97,101,82
75,113,97,100,100,97,96,105,101,87,85,101,99,91,90,103,94,91,100,113,62
64,103,105,104,90,99,103,102,96,90,102,91,88,100,89,98,86,93,96,128,72
80,98,95,100,102,94,105,93,92,100,95,87,98,94,82,104,96,86,101,123,75
80,115,103,91,92,99,110,88,94,96,93,99,95,90,100,92,85,88,101,118,71
72,115,97,102,100,94,98,99,95,92,97,95,92,95,82,99,98,90,101,109,76
75,109,98,105,107,92,96,93,99,91,97,91,91,90,95,94,90,101,94,122,69
71,115,103,98,94,105,103,102,97,95,100,82,85,101,93,88,105,102,91,109,61
65,116,100,99,99,110,86,100,97,88,96,99,87,87,92,106,87,99,103,112,72
76,111,98,103,97,103,91,88,102,100,79,100,92,97,102,91,92,95,106,107,70
75,115,109,99,101,98,95,83,105,102,95,91,89,98,100,87,88,104,91,114,61
72,116,94,94,99,104,89,97,98,98,93,95,96,92,88,98,86,105,83,109,93
81,111,103,100,101,103,86,93,95,92,96,96,100,93,93,98,98,87,90,111,73
