53,64,60,51,53,52,54,51,55,60,58,48,50,61,58,71,49
46,65,66,45,53,52,49,58,48,61,59,56,52,52,65,75,46
63,56,49,52,47,61,53,54,54,54,60,58,49,72,52,68,46
47,61,55,53,51,44,60,61,54,54,55,61,57,62,47,75,51
40,66,58,59,51,57,48,55,58,61,55,53,65,58,50,67,47
44,68,53,60,47,51,50,60,58,59,54,58,62,47,54,67,56
59,54,49,59,47,56,66,53,64,51,54,55,58,53,65,65,40
36,68,53,53,53,56,60,63,51,59,55,64,48,52,54,66,57
47,60,53,59,50,58,65,52,61,53,62,49,53,53,62,65,46
47,64,59,49,51,53,63,60,59,61,57,50,49,49,53,73,51
47,65,52,48,58,62,44,62,59,55,63,52,49,55,51,72,53
41,69,59,47,50,58,53,62,64,65,60,42,55,58,56,69,40
46,66,54,50,52,54,53,71,56,59,57,54,49,55,56,71,45
46,72,45,43,49,65,64,58,55,60,55,55,48,56,56,74,47
46,69,54,51,51,59,60,65,58,56,54,47,53,53,62,66,44
56,64,61,50,43,55,64,64,60,50,49,61,47,54,57,69,44
50,72,58,47,50,49,65,59,57,58,50,49,60,53,59,70,42
51,69,56,48,61,52,49,68,53,47,50,55,54,56,63,62,54
46,71,51,48,60,56,57,52,61,56,47,48,50,57,64,75,49
40,75,53,55,55,59,54,59,57,51,52,49,46,60,58,83,42
46,62,57,61,51,67,47,64,46,59,59,46,59,51,59,65,48
40,65,53,65,62,54,59,51,63,45,57,66,56,48,60,64,40
43,63,59,55,59,61,56,63,46,52,66,55,55,55,45,73,42
33,63,58,60,61,59,64,49,55,44,68,63,54,52,62,68,35
46,46,63,58,56,69,55,60,49,45,67,65,56,56,55,59,43
46,63,62,52,52,63,59,54,52,49,56,66,56,54,65,55,44
47,60,55,58,60,54,64,58,52,57,58,58,55,46,61,67,38
44,57,59,51,54,68,54,68,57,54,53,57,54,54,47,68,49
55,57,57,58,49,61,71,65,51,52,53,56,51,44,57,69,42
46,59,61,57,56,58,63,63,66,49,54,43,51,47,54,60,61
41,68,65,56,49,62,64,61,55,53,53,53,48,53,47,69,51
46,74,51,60,57,54,65,66,57,61,46,49,48,50,49,63,51
48,62,55,51,55,66,69,59,50,56,56,57,46,51,48,59,58
47,62,51,54,65,56,68,54,51,52,66,61,48,50,55,70,38
46,57,53,58,58,63,58,64,56,58,52,57,58,51,54,67,38
44,57,57,62,48,60,53,62,57,57,60,49,56,57,60,61,48
50,58,58,59,58,53,53,56,58,63,57,54,50,53,56,66,46
45,69,56,55,55,49,60,53,57,57,46,63,62,51,58,77,35
44,64,55,66,51,51,54,52,58,57,62,57,53,63,52,64,45
49,64,53,58,65,46,48,53,54,56,64,67,53,55,58,65,40
48,59,61,63,48,60,46,49,54,67,66,62,51,50,58,67,39
47,63,60,66,63,46,50,51,52,59,62,60,59,58,48,71,33
53,65,58,53,52,55,57,47,59,57,63,60,48,58,51,64,48
45,69,60,56,53,54,44,63,49,68,66,54,57,54,43,69,44
39,71,60,60,50,53,53,58,62,51,68,52,56,49,57,69,40
54,57,60,56,59,55,50,55,58,60,66,51,56,52,47,65,47
38,74,55,54,60,54,55,60,56,58,60,45,53,63,58,59,46
47,73,55,57,54,56,55,53,58,61,51,53,57,51,56,57,54
47,64,65,55,43,63,65,61,49,59,53,55,61,62,50,53,43
43,68,59,60,51,55,58,62,57,56,55,53,50,57,53,70,41
50,72,53,49,54,59,56,69,58,59,54,53,56,49,53,63,41
41,70,59,54,54,41,73,53,50,56,70,59,51,52,56,68,41
45,66,60,49,49,58,55,63,54,56,62,68,50,50,51,67,43
56,51,59,60,44,56,59,59,58,61,58,57,53,55,49,63,50
41,69,62,56,49,58,58,53,57,60,55,69,57,51,48,62,43
46,60,64,60,42,58,59,57,67,49,64,64,53,51,52,64,38
40,70,49,51,54,51,61,57,61,64,54,69,49,57,54,62,45
49,59,44,62,49,52,58,58,58,67,68,53,51,63,53,57,47
42,52,59,50,57,56,52,56,62,54,67,58,56,58,61,62,43
44,65,57,52,55,52,56,59,59,60,60,55,56,64,55,59,40
43,54,63,52,58,50,61,51,64,60,51,60,51,60,60,61,48
44,59,50,57,51,50,66,57,62,53,54,54,64,58,52,69,48
41,60,47,47,62,49,63,59,59,58,52,63,61,57,51,71,48
42,55,53,45,57,69,54,61,60,61,55,57,63,61,57,67,31
35,66,55,50,54,57,62,56,60,57,58,63,54,53,61,73,34
46,53,49,52,60,51,60,56,54,66,61,59,59,56,56,58,52
44,69,48,47,51,61,61,62,58,61,56,54,63,54,55,54,50
53,63,46,54,55,59,58,55,60,60,63,57,56,56,49,63,41
40,71,48,51,53,66,59,49,65,65,66,58,58,46,47,62,44
45,64,45,50,51,61,67,62,51,72,64,60,48,52,46,66,44
47,58,62,54,47,55,64,57,57,67,63,57,51,50,59,65,35
47,59,47,46,48,60,61,62,56,55,73,55,52,58,56,74,39
32,75,54,48,50,63,67,51,63,57,58,56,53,59,60,59,43
43,58,59,54,56,54,63,63,56,57,63,46,57,66,60,60,33
49,55,57,54,53,57,64,50,58,56,64,48,54,68,56,59,46
50,53,56,66,54,57,45,59,52,62,63,60,56,53,56,60,46
47,66,58,54,55,64,54,62,56,64,61,51,48,49,57,56,46
51,70,52,53,56,55,60,57,65,61,59,48,44,48,63,64,42
52,60,52,50,62,53,53,60,63,60,53,55,50,44,65,70,46
49,75,48,55,51,53,57,64,62,61,56,50,42,54,64,65,42
39,71,52,56,50,53,57,74,62,49,54,50,55,46,63,73,44
52,64,56,56,55,48,59,57,72,52,62,52,51,50,50,58,54
46,69,61,58,48,47,59,60,61,61,52,50,49,55,58,68,46
60,65,50,55,47,52,62,61,63,56,57,53,50,53,52,63,49
50,63,55,57,59,45,55,61,58,64,50,55,49,58,51,69,49
39,75,63,48,52,60,54,51,61,64,56,50,57,63,54,63,38
46,76,54,67,57,65,46,54,53,61,55,46,52,59,49,64,44
49,70,55,66,65,68,46,41,54,64,45,58,49,54,56,66,42
44,70,59,66,65,62,60,46,54,46,56,58,48,59,52,67,36
44,65,72,63,59,58,53,65,35,61,46,53,54,51,63,55,50
41,57,68,62,64,68,52,54,44,48,57,54,63,44,54,69,48
41,68,54,66,72,56,50,53,42,59,59,48,49,55,57,77,42
40,75,55,60,60,62,51,50,49,51,50,56,45,55,59,70,59
54,66,50,62,56,61,52,51,53,60,52,50,59,51,56,70,45
52,76,56,58,61,50,53,61,44,56,54,62,47,52,60,61,45
53,69,61,49,54,61,55,51,54,56,54,56,50,52,59,63,51
55,67,67,51,58,45,63,58,58,52,52,54,55,50,53,71,39
44,72,58,50,58,53,60,55,69,59,60,50,43,48,48,65,56
43,66,50,56,53,61,54,56,65,60,57,51,56,49,52,76,43
41,71,61,51,56,56,65,51,61,69,51,51,52,52,48,71,41
53,64,51,50,65,53,54,52,68,55,55,58,58,54,56,67,34
42,74,59,54,49,63,54,60,60,63,51,62,52,55,44,63,43
47,72,59,57,52,54,58,63,61,60,48,59,50,50,51,66,41
51,68,53,46,68,49,64,59,54,59,57,49,52,50,59,67,43
48,57,55,43,58,65,54,62,54,57,62,57,49,57,53,70,47
42,62,56,50,62,59,49,60,56,62,59,48,54,56,59,73,41
46,60,50,58,55,61,59,60,47,55,56,54,54,56,56,73,48
49,56,54,53,54,53,60,52,58,47,57,50,65,59,56,69,56
40,61,51,56,50,60,64,49,60,49,50,59,59,59,58,71,52
43,57,53,49,57,56,65,59,54,50,48,56,67,59,62,66,46
46,63,54,47,50,58,59,59,58,49,52,48,62,64,66,67,46
48,53,53,50,62,48,59,58,52,54,53,47,65,63,58,81,44
36,65,45,53,59,58,58,49,63,45,49,64,54,66,61,71,51
50,50,47,60,43,63,62,48,61,47,57,49,65,66,69,70,41
34,59,44,52,60,64,55,48,53,50,50,52,60,78,67,71,51
38,52,44,53,66,53,46,58,55,55,37,57,68,72,68,79,47
40,63,48,56,53,63,59,55,53,42,48,60,69,65,58,72,44
41,48,54,61,44,64,59,54,53,45,52,58,49,72,71,75,47
35,53,47,59,65,56,54,53,49,56,50,54,60,62,74,65,55
32,64,52,58,56,50,56,52,51,55,53,57,58,68,76,68,42
46,60,49,58,49,60,64,48,52,48,52,56,68,67,60,66,45
43,52,61,50,56,52,51,59,50,53,46,51,71,73,59,72,49
43,66,51,53,51,54,61,56,52,54,47,59,59,60,59,73,50
49,64,46,55,58,54,56,63,51,43,57,49,72,66,59,52,54
47,63,62,45,48,48,70,58,51,55,53,62,53,68,53,64,48
51,67,62,49,48,47,60,55,60,48,56,57,64,62,56,57,49
42,72,55,49,37,50,52,61,70,51,56,60,62,59,61,68,42
56,64,49,44,47,45,52,58,69,56,55,63,50,54,68,62,56
51,62,56,57,42,43,49,59,62,62,57,57,58,59,59,64,51
49,65,55,45,50,46,50,59,64,68,56,59,61,50,62,58,51
53,62,47,57,48,38,49,61,70,62,51,58,57,58,64,65,48
50,66,58,56,49,41,48,52,74,55,59,64,59,51,61,59,46
54,59,55,55,45,42,47,63,63,69,56,55,51,56,61,61,56
51,69,57,54,48,48,50,58,55,57,62,52,55,46,56,78,52
53,71,44,53,51,46,51,52,69,61,62,57,54,57,60,67,40
45,78,45,51,52,50,54,62,61,65,54,61,53,58,54,58,47
47,62,55,60,40,56,58,62,63,74,46,52,52,51,53,70,46
46,70,56,43,48,59,65,65,54,62,55,49,55,53,54,66,48
51,75,51,48,50,62,55,62,55,63,60,50,50,56,56,64,40
55,65,51,47,48,65,58,62,58,53,68,56,52,46,59,51,54
55,56,51,44,52,54,61,62,62,57,57,58,53,54,53,68,51
42,64,50,61,46,68,60,64,49,58,51,53,51,67,58,60,46
42,58,60,47,55,57,65,59,62,44,61,57,53,47,60,66,53
48,68,50,43,52,56,73,63,55,57,56,58,55,45,59,59,51
51,61,51,49,64,55,69,61,56,47,55,56,51,49,53,68,52
37,71,50,54,52,61,63,66,57,58,46,60,49,48,53,75,48
48,70,50,57,55,67,53,56,58,57,52,60,41,55,51,77,41
40,70,46,57,56,52,61,63,55,63,53,62,50,53,53,62,51
57,62,52,54,53,53,55,74,47,64,60,55,49,54,59,60,40
41,61,59,58,50,60,54,59,64,52,58,58,57,54,50,72,41
44,52,56,61,55,58,52,61,61,59,59,50,49,64,51,73,43
42,67,51,61,58,60,61,62,51,59,54,56,60,52,54,61,39
41,62,54,59,55,62,57,64,56,54,55,64,49,51,52,66,47
48,59,51,59,65,59,55,59,57,56,66,54,51,54,45,70,40
42,56,64,61,60,57,48,58,62,57,61,56,54,51,47,76,38
37,66,58,54,63,51,54,49,71,70,55,60,57,50,56,54,43
41,64,50,63,58,54,59,47,65,61,60,58,51,55,59,54,49
37,56,62,63,58,55,46,56,68,69,67,45,58,53,50,55,50
38,65,63,61,61,54,52,48,66,66,62,61,57,48,44,72,30
43,61,67,57,56,48,53,55,69,70,65,60,58,41,46,50,49
41,66,54,69,57,40,54,56,68,67,69,61,51,54,42,63,36
44,51,54,74,56,50,50,55,62,70,69,61,50,56,51,61,34
42,61,55,55,58,59,55,54,61,68,63,67,51,53,47,63,36
48,61,47,57,65,57,53,46,59,59,71,59,55,61,45,61,44
37,64,55,60,66,44,62,50,54,56,63,71,58,54,47,68,38
46,52,63,53,54,64,55,48,59,57,68,63,64,48,51,65,38
33,55,62,53,50,65,53,64,49,60,64,61,49,64,60,70,36
44,49,42,59,56,53,62,58,49,60,59,54,63,65,61,57,55
38,54,55,47,58,63,53,54,67,44,61,64,61,66,52,69,42
42,64,40,52,47,65,65,56,49,58,58,65,63,58,56,68,42
49,59,49,51,52,67,52,54,53,59,60,67,64,66,54,57,35
38,62,48,54,57,62,57,53,57,50,62,57,72,60,57,57,45
38,58,58,47,54,64,60,53,48,62,65,64,67,58,56,65,31
44,51,52,46,54,53,60,59,62,54,57,59,69,57,57,72,42
38,56,47,42,54,65,62,54,58,68,50,57,65,60,62,61,49
44,54,52,55,51,63,60,64,55,65,48,63,58,45,56,73,42
45,59,52,49,57,55,65,60,59,61,56,55,55,48,56,65,51
42,58,60,49,48,60,54,65,58,63,55,52,61,44,55,72,52
43,66,47,45,52,64,67,63,45,63,50,57,57,57,56,69,47
41,67,52,50,64,48,67,58,64,59,52,50,59,54,48,66,49
43,66,46,58,54,64,52,65,67,47,60,58,53,54,47,76,38
50,43,62,56,54,61,58,59,56,68,54,57,57,47,53,54,59
50,63,57,57,53,58,59,60,60,69,44,54,59,47,56,59,43
52,62,59,56,63,59,59,45,55,66,54,51,51,57,44,69,46
40,72,60,63,58,58,49,48,57,61,65,51,48,54,58,73,33
39,69,54,58,60,62,49,58,51,53,57,61,51,50,56,72,48
46,64,63,61,48,48,70,48,55,48,60,62,52,60,55,73,35
39,72,61,65,52,48,55,50,49,64,55,48,65,54,54,68,49
49,59,65,60,51,47,46,58,60,56,55,48,60,59,56,71,48
42,68,66,56,52,50,49,57,54,59,58,53,56,59,55,66,48
47,59,52,64,54,47,50,57,58,54,62,54,56,56,72,61,45
41,71,44,57,57,58,56,55,59,59,44,58,52,63,63,69,42
44,60,57,61,56,54,61,51,61,47,52,52,63,58,61,66,44
41,61,58,53,55,50,69,53,51,46,52,55,57,66,58,68,55
46,62,60,55,63,53,53,58,54,51,54,46,59,63,54,66,51
44,63,61,53,56,61,60,61,55,53,57,48,53,49,60,72,42
42,59,57,60,54,51,64,60,60,57,52,44,52,50,56,73,56
44,67,54,49,64,64,60,59,57,51,52,51,50,55,53,78,40
39,64,50,56,55,61,54,56,63,49,57,50,53,55,58,76,52
50,71,48,40,54,60,60,54,56,64,49,52,51,53,65,71,50
44,64,45,50,51,56,64,54,61,64,60,53,59,48,59,63,53
44,54,46,44,55,55,64,48,69,61,57,63,58,50,49,79,51
38,62,44,54,63,56,56,45,64,62,58,59,64,54,51,68,50
42,57,54,56,51,54,50,53,64,69,54,58,61,58,62,62,43
32,69,54,58,63,58,53,55,58,55,59,60,58,54,57,63,42
37,53,59,59,52,60,55,61,62,68,54,55,55,54,56,58,50
43,55,61,57,55,52,53,59,59,68,66,57,52,57,51,62,41
42,73,57,54,53,53,59,62,62,61,66,54,56,50,50,57,39
45,68,58,51,57,50,57,63,57,61,59,59,50,60,50,50,53
47,71,57,52,58,57,53,58,61,65,54,56,55,59,53,51,41
45,66,57,59,49,54,61,56,55,56,67,67,59,50,41,62,44
44,65,48,57,51,57,62,66,62,57,60,57,54,50,53,59,46
45,48,47,53,55,56,59,69,63,57,60,61,57,55,58,58,47
32,48,47,57,58,62,63,66,60,63,68,47,61,62,54,59,41
36,50,49,64,59,62,71,63,53,52,61,63,61,61,47,60,36
30,61,45,55,64,62,69,59,58,64,52,60,67,50,49,64,39
32,58,51,54,64,56,71,61,63,44,51,61,58,63,46,62,53
43,58,55,52,53,68,60,66,57,55,58,64,52,58,50,54,45
49,57,55,52,50,62,64,64,57,53,60,62,57,45,53,60,48
48,61,61,45,52,59,66,59,58,62,54,58,55,52,47,62,48
47,70,54,45,51,67,58,60,62,57,55,53,65,53,52,54,44
44,58,54,53,57,59,53,63,67,53,55,58,61,50,60,58,45
46,62,60,53,47,60,62,60,63,60,58,43,49,63,51,52,57
48,73,51,59,50,50,68,60,70,55,61,48,53,52,51,57,42
41,62,54,56,52,60,53,59,67,65,57,58,54,52,48,62,48
45,67,56,53,58,50,51,64,71,57,60,52,59,52,58,49,45
52,61,60,54,61,54,54,65,61,61,53,58,57,55,49,55,38
43,67,52,53,69,60,50,59,61,68,63,61,52,36,45,65,44
41,63,63,49,62,58,53,70,59,62,62,58,56,41,46,59,46
47,61,47,67,55,66,52,59,64,62,58,66,49,50,39,54,51
51,49,54,63,63,51,69,58,59,74,54,59,46,46,47,65,40
44,64,52,56,64,53,63,58,65,61,58,51,55,47,51,65,41
51,55,50,59,60,58,59,68,65,57,56,58,49,49,56,57,41
37,68,51,60,58,60,59,59,60,62,54,68,56,45,49,62,40
33,66,54,52,67,56,69,57,65,65,62,52,55,51,51,66,27
45,57,46,47,62,67,68,64,52,64,60,61,41,53,55,57,49
49,60,42,46,58,64,74,60,53,67,63,53,52,53,49,64,41
47,63,38,51,60,63,74,61,60,49,62,61,53,61,57,54,34
46,56,47,51,61,63,66,69,55,53,59,53,58,56,55,59,41
47,65,38,49,57,58,72,60,62,58,53,61,47,61,56,64,40
42,64,46,48,52,57,66,59,62,59,56,60,56,57,52,61,51
47,56,50,52,50,62,68,63,48,61,65,56,52,55,64,55,44
44,60,46,49,57,54,70,54,68,48,57,65,48,59,62,54,53
37,71,50,47,49,60,65,65,64,52,53,64,50,51,62,68,40
46,67,48,42,49,56,62,67,65,50,58,50,53,64,60,70,41
52,62,47,41,52,60,70,61,55,56,53,58,48,63,58,66,45
50,69,46,43,44,63,59,64,58,63,52,54,57,55,59,67,45
42,72,52,43,54,49,61,62,63,51,61,47,54,58,59,67,53
45,66,53,53,51,46,64,56,58,55,52,53,60,55,63,77,41
45,69,50,40,50,55,71,50,52,60,55,58,57,58,65,68,45
45,69,44,38,49,64,62,55,50,66,65,60,52,58,57,71,43
50,55,51,44,47,52,66,57,62,59,60,61,56,53,65,59,51
46,68,39,44,60,61,42,62,60,52,56,61,61,59,55,71,51
42,68,42,44,62,48,59,65,48,47,56,58,63,61,63,57,62
46,57,46,50,47,52,64,53,54,63,62,49,66,59,61,73,46
43,64,54,43,48,47,63,63,70,55,56,52,59,58,65,70,38
42,69,51,57,49,48,60,54,67,58,62,52,50,65,65,60,39
44,53,53,50,53,47,61,57,58,72,57,54,57,63,56,73,40
33,65,49,53,58,53,52,55,63,63,60,59,51,58,59,78,39
38,60,54,59,53,49,63,52,65,54,65,57,54,55,60,73,37
42,42,54,49,58,54,63,49,60,54,67,55,59,57,70,69,46
40,53,50,58,50,59,58,55,54,56,66,57,57,55,71,63,46
35,69,44,57,53,68,58,48,56,60,46,54,58,72,60,69,41
38,58,49,53,53,58,56,57,56,57,53,57,53,70,65,69,46
48,56,50,44,62,64,47,52,57,61,58,58,48,66,56,66,55
47,66,39,53,55,58,51,55,57,61,62,58,53,60,57,70,46
43,73,40,53,67,55,52,49,58,53,58,51,64,63,53,81,35
49,60,56,48,56,61,51,54,54,53,62,51,55,70,56,66,46
39,58,56,41,55,55,56,62,56,63,53,57,63,55,55,76,48
46,59,44,52,54,57,58,58,58,61,55,57,63,57,61,69,39
44,65,57,46,43,61,63,46,57,62,64,68,60,55,54,60,43
34,64,48,62,45,57,74,50,46,63,53,57,68,55,55,68,47
40,54,48,74,50,55,60,61,48,56,63,55,64,62,55,68,35
33,58,50,65,54,61,62,61,50,63,53,59,61,58,60,65,35
30,57,52,53,66,55,56,57,58,64,52,60,65,51,62,71,39
41,41,57,58,58,54,58,60,58,62,61,55,62,57,56,72,38
37,50,47,59,65,49,55,58,57,62,59,60,60,52,63,76,39
33,59,46,58,62,57,61,47,62,60,50,58,65,55,59,70,46
46,61,45,52,52,66,64,57,51,54,61,59,62,55,56,63,44
36,61,53,51,59,62,59,58,58,46,56,61,61,54,54,63,55
46,58,55,48,63,55,52,67,47,60,53,61,70,54,53,55,51
39,69,58,57,45,59,61,61,55,51,49,66,61,64,48,58,45
38,79,60,53,54,54,58,57,54,56,48,66,61,49,49,65,47
51,71,56,62,55,60,52,66,59,48,49,55,57,64,42,65,36
43,76,55,61,55,55,44,60,56,58,50,57,61,60,52,55,50
57,68,54,56,59,61,56,47,68,51,54,55,53,56,49,54,49
48,74,67,50,58,53,54,59,52,53,58,59,60,49,45,62,47
43,73,69,50,66,51,54,45,64,52,54,61,59,60,46,54,46
47,67,60,61,62,50,52,55,56,51,65,56,67,57,53,43,46
41,73,64,51,58,62,55,62,51,49,51,63,63,61,45,56,43
45,59,62,61,58,59,55,63,46,54,63,57,52,62,57,51,44
34,65,60,53,57,69,58,65,56,39,51,62,67,57,48,63,44
40,63,54,64,53,59,62,57,54,57,53,55,62,61,51,55,48
40,67,52,54,61,58,66,44,54,60,56,54,56,66,55,64,41
44,72,53,53,56,62,50,55,58,56,63,50,62,64,43,67,40
47,67,50,53,55,60,56,60,49,55,59,65,57,60,54,62,39
45,61,54,53,61,57,59,58,61,57,49,65,60,52,58,57,41
44,62,52,58,52,56,48,65,52,60,57,70,61,52,61,57,41
42,57,51,56,57,49,59,57,58,59,70,60,59,52,60,64,38
35,60,44,58,59,56,53,57,64,57,72,51,63,67,51,67,34
39,59,51,53,53,56,59,62,60,65,56,57,69,57,65,51,36
41,53,56,49,65,59,61,62,55,63,51,68,58,66,53,55,33
38,62,44,55,58,51,63,63,59,51,66,57,74,54,63,46,44
37,47,58,52,59,60,62,59,55,60,67,67,60,55,60,52,38
30,49,52,62,59,65,51,63,51,66,68,61,62,61,53,58,37
35,52,61,64,56,56,56,58,59,61,56,65,54,60,53,57,45
27,53,55,59,54,64,57,53,60,55,78,62,56,59,59,56,41
26,54,46,68,57,55,64,63,49,59,65,63,61,56,59,63,40
38,50,42,52,64,63,60,50,59,64,66,64,65,59,54,54,44
36,50,54,65,56,63,54,63,61,55,57,64,63,58,50,58,41
36,57,49,51,57,60,68,60,59,53,68,61,60,54,63,51,41
40,48,49,49,60,51,66,60,65,55,66,57,55,65,58,66,38
37,53,57,54,52,52,54,71,57,58,68,56,55,58,57,69,39
42,52,60,47,60,55,57,68,63,61,58,52,55,46,59,63,50
35,61,52,50,54,59,63,55,60,60,63,60,56,56,56,64,44
39,52,58,47,60,64,62,54,52,61,61,57,51,58,64,53,55
31,70,51,51,55,56,63,62,59,52,59,61,54,57,58,69,40
34,57,53,53,51,62,53,57,64,58,57,65,49,59,63,68,45
40,65,52,45,58,65,59,55,62,56,61,57,52,48,55,72,46
42,55,50,55,55,55,59,61,61,54,56,52,61,56,56,64,56
50,56,49,48,43,63,56,62,64,65,45,65,56,60,56,62,48
40,57,53,52,50,58,58,59,55,64,51,58,60,59,61,65,48
41,68,55,45,50,58,56,61,64,57,57,56,64,58,53,63,42
46,55,59,45,49,47,57,55,59,57,58,61,59,58,62,73,46
52,60,48,48,62,42,55,59,53,60,58,61,57,52,64,74,43
37,73,51,50,43,53,58,62,54,57,54,51,60,63,62,69,51
50,55,57,51,49,48,61,59,56,49,62,58,59,65,56,73,40
47,65,50,47,53,48,55,62,55,51,56,68,56,60,60,64,51
55,56,53,56,53,49,49,59,51,53,49,64,75,52,61,63,50
45,66,54,45,53,58,57,59,55,52,56,63,63,62,41,70,49
43,58,50,51,48,64,58,46,50,50,61,67,69,64,57,67,45
46,62,53,46,53,52,51,56,52,58,58,70,64,73,54,58,42
55,65,45,52,53,55,54,53,54,57,60,69,64,57,57,63,35
48,65,51,48,53,52,56,59,46,56,66,58,66,64,55,62,42
57,64,43,41,51,60,55,55,48,59,65,70,67,63,46,60,44
43,55,45,51,45,59,58,57,48,68,62,69,69,59,49,59,52
46,56,47,57,45,58,54,49,53,54,73,70,57,63,57,68,41
34,68,47,53,47,61,57,51,53,63,62,65,67,54,65,56,45
35,48,55,58,60,51,65,46,49,63,67,62,58,60,55,66,50
36,60,52,59,54,68,53,57,54,54,57,63,61,66,54,65,35
45,54,56,56,69,46,60,59,51,61,55,56,62,70,49,57,42
36,67,61,61,64,59,59,54,48,52,57,63,53,62,53,59,40
44,54,53,58,64,62,60,63,49,48,47,62,65,68,58,51,42
40,68,47,52,69,60,53,61,49,56,44,55,65,70,60,56,43
41,62,55,56,66,56,55,61,58,52,53,49,64,64,57,57,42
43,64,62,54,51,56,65,47,58,60,61,56,56,62,60,53,40
44,66,48,58,61,59,55,56,52,59,57,59,50,56,54,73,41
36,69,65,58,54,65,52,62,63,52,56,52,51,52,68,56,37
45,63,55,56,67,59,57,66,48,60,57,48,51,62,62,62,30
44,62,53,60,62,61,64,56,59,60,46,52,56,48,54,65,45
41,58,57,64,65,60,61,52,61,54,54,50,62,51,55,54,49
40,55,65,62,60,61,51,57,61,49,58,57,51,60,39,66,55
46,72,60,64,55,52,67,56,53,51,52,58,52,53,54,59,44
36,67,66,70,59,53,58,44,55,57,55,66,62,50,54,63,33
52,55,63,61,60,53,59,54,52,59,62,63,55,47,48,54,49
39,66,61,59,61,66,53,64,50,54,55,66,59,44,42,67,42
41,59,61,66,59,59,57,53,51,54,62,56,62,60,41,55,51
38,68,64,63,61,56,50,57,54,55,55,61,59,59,46,65,37
38,69,63,65,61,64,47,60,51,60,48,63,63,53,43,68,32
50,66,64,61,49,60,49,58,50,63,57,63,55,45,53,60,45
42,68,58,66,60,52,49,56,51,55,60,58,59,52,48,65,49
36,64,69,61,61,58,49,51,58,48,57,53,65,56,52,72,38
35,74,58,54,61,49,51,58,48,56,61,63,62,53,56,52,57
46,61,60,57,46,57,49,48,57,63,69,56,58,47,60,72,42
55,59,58,54,59,48,45,64,65,49,65,49,60,58,53,59,48
40,63,59,51,50,61,54,60,68,54,55,65,61,47,48,77,35
38,75,50,53,51,52,54,58,66,54,61,56,58,54,58,70,40
44,67,61,51,47,58,59,63,54,53,56,60,61,55,59,64,36
34,68,50,55,51,53,63,53,64,53,55,60,56,56,54,77,46
49,71,49,49,54,50,62,60,54,53,54,62,57,51,60,56,57
47,64,49,52,66,59,50,57,53,54,52,63,53,50,55,74,49
56,59,45,54,57,46,54,55,60,66,57,58,50,53,58,69,51
52,55,55,52,52,55,52,54,57,61,59,57,64,50,55,58,60
50,72,44,47,54,49,57,66,60,61,60,51,59,51,50,71,46
51,72,54,44,45,54,49,54,70,51,62,56,58,57,62,66,43
53,76,54,50,41,49,53,63,59,60,55,64,60,54,59,65,33
48,68,53,49,41,48,55,70,66,50,56,51,60,55,57,77,44
49,69,46,52,45,51,63,61,58,53,53,57,62,58,62,66,43
53,64,49,48,50,56,53,65,49,54,60,58,65,56,62,63,43
45,74,45,50,56,54,48,60,50,60,59,55,62,63,60,63,44
39,68,52,47,59,49,48,55,50,67,53,55,54,57,65,69,58
41,66,53,56,54,60,35,59,58,52,63,54,50,65,62,67,53
45,50,50,64,57,51,59,59,49,69,51,44,49,61,57,84,49
35,52,57,64,59,55,64,57,59,49,55,51,49,62,62,70,48
51,55,64,56,69,49,56,60,57,57,47,44,53,61,60,72,37
42,60,58,65,60,49,59,55,59,50,56,47,54,57,56,76,45
44,54,55,66,61,59,63,48,55,58,52,50,55,62,52,70,44
40,58,56,64,59,63,48,64,55,51,54,47,58,52,63,77,38
40,71,62,53,63,54,58,53,52,63,58,49,56,50,61,64,41
57,54,61,58,57,55,63,55,56,52,58,51,48,57,56,64,46
45,72,63,65,51,60,59,46,47,52,63,53,58,59,54,66,35
51,70,60,66,54,56,59,57,56,49,57,52,52,47,58,60,44
44,71,70,58,52,57,55,65,45,55,62,52,56,46,59,67,34
49,61,57,53,57,62,56,58,51,53,59,54,51,59,63,64,41
40,71,53,62,56,52,57,57,50,44,73,54,54,48,67,67,43
38,72,56,58,58,66,53,49,46,57,62,58,53,53,60,71,38
35,58,64,52,56,70,55,62,46,54,58,58,47,63,54,75,41
39,61,52,60,59,64,57,61,52,61,62,50,51,60,53,65,41
36,63,54,56,58,60,58,65,55,59,57,53,61,56,51,63,43
39,64,52,54,59,66,62,61,59,60,57,60,50,53,48,63,41
37,63,57,65,49,71,63,58,51,61,56,61,48,55,44,54,54
45,63,56,52,64,62,62,58,59,47,64,51,54,52,55,64,40
39,63,52,63,61,64,52,55,61,65,55,50,51,55,53,63,46
45,53,49,55,54,63,63,58,65,56,58,54,58,48,56,71,42
42,61,63,55,50,59,63,59,64,53,60,61,62,54,47,60,35
39,63,55,55,51,59,59,66,53,57,59,60,61,57,51,55,48
37,54,47,61,55,53,62,62,58,59,60,54,65,57,50,65,49
29,62,64,51,60,55,66,55,57,57,64,57,62,54,52,55,48
42,50,51,57,56,60,57,65,55,58,61,64,50,60,52,65,45
54,58,53,52,43,62,64,61,55,59,62,54,58,51,56,63,43
34,77,48,53,57,55,61,56,60,52,72,63,52,50,64,59,35
50,60,55,45,62,53,61,65,48,64,65,58,60,60,49,58,35
53,62,51,50,52,65,56,52,60,56,59,75,52,56,54,53,42
45,59,52,49,45,60,57,60,54,61,63,63,67,63,51,56,43
48,66,37,47,57,49,62,62,56,60,60,68,60,60,53,56,47
45,61,47,40,48,60,51,66,62,56,56,68,58,63,60,57,50
43,58,54,47,42,55,62,63,51,63,52,69,65,61,55,64,44
50,53,50,54,41,54,62,58,58,60,53,65,60,50,61,69,50
47,64,38,49,53,55,55,61,63,51,59,65,58,56,68,71,35
50,61,48,42,59,49,62,64,59,45,51,69,58,58,63,54,55
47,45,44,52,55,58,51,63,62,54,59,56,65,58,58,68,53
44,50,49,50,52,51,60,59,61,53,59,66,61,57,50,69,57
40,63,39,43,63,57,51,51,65,50,66,63,58,60,62,66,51
36,61,52,48,58,65,47,56,51,58,63,64,57,58,48,80,46
50,58,44,43,59,58,55,53,57,55,64,61,55,59,56,64,56
44,55,47,57,50,49,57,58,57,62,53,65,68,54,54,64,54
39,57,59,46,49,57,56,60,60,54,64,60,59,58,59,62,49
44,57,45,50,57,59,58,51,60,49,56,59,61,66,68,73,35
37,59,54,62,54,56,55,55,44,55,59,60,65,56,58,67,52
38,64,64,52,46,57,48,51,60,59,63,56,59,64,63,67,37
45,65,50,55,56,53,47,57,57,58,60,57,68,65,61,59,35
49,60,55,45,49,61,47,47,64,58,67,54,62,67,54,64,45
39,62,47,45,48,61,50,59,59,58,60,65,55,67,59,76,38
45,61,47,61,51,51,54,55,57,61,56,63,62,67,64,50,42
25,62,64,54,57,59,54,52,59,54,54,55,65,59,57,65,52
40,59,51,63,56,53,53,46,67,53,59,51,63,66,68,52,47
31,53,58,60,57,51,46,51,60,61,60,57,64,62,66,79,32
42,57,53,61,56,44,55,56,53,57,66,55,54,69,59,71,40
41,64,52,52,58,46,56,55,55,58,62,57,61,63,55,71,42
41,56,52,57,60,43,59,51,60,62,59,56,67,58,56,71,40
47,58,56,52,55,54,52,53,58,55,62,62,58,55,61,67,43
41,65,54,51,54,60,46,57,50,61,50,65,58,69,58,67,42
47,64,45,54,64,62,49,50,54,56,52,55,61,59,60,64,51
50,64,52,51,54,57,55,54,64,52,53,66,62,58,53,62,41
46,55,48,48,57,61,52,63,59,57,53,61,55,62,55,63,53
41,75,54,49,54,49,55,63,62,59,59,60,60,55,53,62,38
41,70,49,57,54,54,55,59,59,51,59,59,66,56,61,54,44
44,65,45,52,56,57,54,61,59,58,66,56,64,59,46,71,35
39,73,44,44,52,55,61,60,53,58,58,62,65,55,61,66,42
47,64,51,43,50,55,55,51,66,62,53,60,61,64,46,63,57
42,76,47,46,46,57,51,59,62,62,56,59,62,51,61,71,40
38,65,55,57,39,44,55,56,61,60,61,66,59,51,60,73,48
50,53,55,54,56,46,48,57,52,55,57,65,56,60,65,69,50
44,70,52,50,49,51,49,50,64,56,61,54,63,59,59,75,42
54,59,55,42,45,48,49,62,65,53,61,58,57,68,65,58,49
47,65,47,48,44,46,51,60,59,60,64,57,62,66,60,71,40
40,74,50,47,46,50,46,61,62,58,61,62,63,67,55,55,51
48,65,50,48,45,54,48,62,66,61,58,57,70,55,55,58,48
48,63,46,53,46,57,57,64,55,57,61,54,58,56,62,58,53
44,62,48,50,45,55,59,66,62,53,62,70,52,54,63,72,31
41,57,54,44,40,53,59,70,58,63,58,67,56,57,51,61,59
41,52,49,45,47,54,61,66,70,55,60,54,62,55,56,74,47
51,55,52,46,52,47,50,61,71,72,50,55,52,55,61,67,51
52,66,49,39,49,56,55,65,50,67,62,41,61,54,61,72,48
44,66,50,47,48,49,53,68,59,66,60,49,56,54,64,68,47
51,58,49,44,53,38,60,64,72,58,56,54,59,68,58,67,39
41,54,57,52,51,50,53,67,55,53,62,55,65,65,51,72,45
43,63,46,50,48,53,50,66,63,56,53,53,69,59,64,64,48
45,63,46,52,57,53,46,68,63,57,47,56,56,68,50,70,51
50,46,58,50,56,51,61,57,60,57,50,63,52,62,56,71,48
38,62,53,51,50,51,62,74,48,47,52,58,58,68,57,65,52
40,57,53,49,58,50,61,59,65,42,49,62,70,62,60,70,41
42,57,46,62,56,49,57,64,53,54,46,72,62,57,53,66,51
40,60,59,45,54,60,62,66,61,48,55,57,71,47,55,67,41
37,72,60,50,50,52,56,67,50,54,50,57,72,52,59,66,43
34,61,59,53,50,60,62,59,49,56,55,62,61,56,56,77,38
38,69,44,50,58,60,60,60,55,45,59,61,59,59,56,72,43
46,64,47,55,60,63,54,54,54,53,55,57,64,61,54,67,40
37,67,48,58,70,59,56,62,42,50,57,58,63,56,58,61,46
41,69,62,44,66,71,56,50,50,55,62,50,64,51,49,70,38
41,65,66,49,50,66,69,47,49,47,62,60,63,60,57,53,44
55,62,62,56,55,56,67,54,47,49,55,63,60,60,54,64,29
42,59,61,56,57,56,62,51,57,55,49,63,51,67,59,72,31
39,65,57,60,61,64,50,48,57,57,53,60,66,59,66,53,33
46,66,65,63,59,61,48,58,50,53,58,57,58,56,58,53,39
49,77,63,71,49,53,55,62,54,45,55,67,51,59,55,51,32
52,73,62,57,66,57,53,52,56,53,54,54,65,53,51,38,51
44,78,56,69,65,47,63,53,51,53,58,59,55,57,49,46,45
44,63,66,73,55,61,49,55,50,50,62,63,63,61,35,58,40
36,64,57,65,69,51,59,47,53,61,58,63,58,59,48,55,45
39,62,70,63,57,57,50,54,49,63,53,65,57,52,58,55,43
49,68,55,73,49,64,47,49,60,47,56,67,61,62,51,50,40
43,60,64,62,60,56,49,46,56,47,75,62,57,61,47,57,46
38,64,71,56,64,55,48,50,47,63,57,65,58,70,45,60,37
42,64,64,66,57,56,47,43,54,54,62,48,70,57,55,58,50
41,70,68,66,58,46,49,59,42,64,57,60,60,62,50,52,44
46,63,63,61,60,45,42,53,65,63,58,61,62,53,58,54,41
35,82,64,66,51,40,51,53,53,58,66,62,51,58,55,58,45
42,66,58,70,46,55,47,53,64,59,57,67,52,61,53,55,43
43,80,56,62,51,46,53,52,59,62,56,58,54,63,50,60,43
51,74,63,56,53,48,47,57,62,73,63,57,54,58,48,55,29
49,70,58,58,63,36,47,59,64,72,65,56,59,50,57,55,30
35,71,72,58,53,48,48,57,56,64,68,59,56,54,48,57,43
43,66,59,64,63,51,47,59,65,57,63,60,59,55,38,64,35
44,68,59,62,55,54,51,57,54,63,57,61,58,61,48,64,32
54,50,63,65,55,54,49,49,67,59,67,52,68,44,54,50,48
35,66,57,59,56,52,64,50,59,61,63,63,62,51,50,62,38
38,66,52,63,55,54,54,48,58,58,63,66,65,53,56,57,42
48,60,54,58,64,51,49,60,55,61,64,61,59,61,50,58,35
45,72,57,56,46,58,48,57,68,61,53,60,63,59,44,58,42
36,67,55,56,45,57,54,54,64,70,61,58,60,61,50,57,43
38,67,58,49,52,52,50,53,61,67,58,59,68,48,65,63,40
38,57,50,52,51,49,57,62,60,58,64,67,59,52,53,64,55
46,52,52,51,49,59,62,68,54,56,59,63,59,57,53,60,48
51,50,47,44,47,57,53,70,68,52,69,61,62,55,57,62,43
37,66,49,44,41,75,66,53,56,74,61,62,59,50,57,56,42
43,75,49,45,47,56,56,61,63,69,67,57,46,59,60,60,35
37,64,57,46,47,53,52,67,66,61,59,58,64,56,53,64,44
39,58,51,42,57,48,62,61,64,61,55,59,72,58,51,63,47
32,53,53,52,56,43,61,64,69,55,57,59,57,59,64,67,47
42,58,51,50,49,61,62,52,71,57,50,62,58,59,61,67,38
36,70,48,49,57,49,66,57,61,68,51,51,54,61,62,66,42
47,50,48,53,53,52,70,59,56,59,56,56,57,63,61,61,47
46,53,51,58,51,46,57,73,58,61,59,58,55,59,53,70,40
41,70,56,51,42,49,58,61,66,58,59,61,54,57,61,63,41
42,57,52,51,53,55,56,58,70,53,51,64,57,55,62,68,44
40,62,42,52,50,51,57,63,66,56,52,56,55,63,62,72,48
44,67,48,42,55,57,64,65,59,44,49,58,60,65,62,71,38
43,61,58,52,57,57,58,63,49,49,57,49,63,64,58,74,36
50,58,48,61,58,57,54,61,63,48,48,51,48,61,64,77,41
42,64,48,52,60,49,61,61,55,55,51,52,60,63,54,66,55
38,68,61,58,56,55,53,51,59,56,53,57,57,56,64,74,32
36,79,48,49,60,57,56,58,53,55,57,51,61,53,55,79,41
48,59,62,49,53,58,57,54,57,58,46,58,61,59,49,83,37
44,66,47,61,54,61,61,53,45,58,51,61,50,50,71,67,48
46,73,52,55,52,59,64,57,50,51,59,50,48,60,62,58,52
48,66,53,48,50,52,59,63,47,57,47,66,57,57,54,69,55
42,64,48,55,52,50,74,58,44,47,51,51,62,59,64,70,57
43,72,43,51,53,64,57,56,52,49,55,57,50,64,65,67,50
45,61,57,40,66,54,56,62,44,57,53,52,60,57,67,69,48
48,54,56,49,49,63,57,58,55,42,54,58,67,63,61,74,40
47,60,49,49,61,64,62,39,52,60,56,58,56,61,62,60,52
48,70,50,49,54,66,53,49,50,56,58,59,54,63,59,60,50
45,70,43,47,52,59,51,52,55,47,60,45,62,73,65,69,53
38,65,55,55,53,51,57,51,63,47,49,57,57,65,65,72,48
48,66,59,54,62,48,61,48,45,40,40,63,68,60,64,68,51
45,82,62,43,52,55,58,52,58,49,37,62,58,62,61,72,40
52,68,52,53,56,54,53,54,52,45,48,50,65,63,69,58,56
49,71,54,52,55,57,53,52,48,47,46,51,64,62,62,78,47
48,75,54,57,54,47,50,55,45,50,44,58,59,59,63,72,58
51,79,55,51,51,55,45,47,51,51,46,51,61,67,63,72,49
49,72,62,47,54,51,54,51,50,37,54,56,66,59,54,71,61
55,60,62,55,60,49,46,49,45,42,56,61,61,62,59,77,49
39,90,52,55,54,54,65,41,46,43,43,64,56,62,65,68,51
48,66,65,69,57,46,51,48,45,41,48,63,61,58,68,66,48
44,72,66,65,60,52,56,47,45,36,52,48,67,55,64,73,46
43,76,65,63,58,60,50,48,39,41,44,54,61,59,66,69,52
51,75,68,58,62,55,52,38,50,41,45,60,58,62,51,80,42
53,67,66,71,60,48,48,35,55,48,38,55,57,68,56,81,42
50,76,65,63,68,47,49,48,47,49,45,46,53,67,61,74,40
42,80,71,64,55,59,50,49,48,43,46,35,60,62,69,68,47
50,73,64,66,66,48,53,48,42,47,42,48,51,64,60,64,62
39,68,68,67,60,61,47,47,56,43,45,51,57,56,66,71,46
52,69,65,63,62,56,53,38,50,57,50,47,56,51,67,67,45
48,70,63,65,49,55,53,56,54,49,52,52,61,50,55,70,46
54,65,67,67,66,50,47,54,49,47,48,55,56,53,58,66,46
45,73,61,65,66,57,45,47,54,41,43,56,59,51,56,68,61
47,66,71,60,60,65,51,44,54,45,43,59,53,61,57,70,42
52,62,75,54,62,56,47,60,45,46,47,52,56,65,57,64,48
46,72,61,74,54,55,46,59,45,42,51,64,51,55,49,65,59
53,69,58,64,58,55,56,46,47,46,57,56,50,57,60,72,44
50,70,63,63,59,59,58,44,49,49,48,65,45,55,54,70,47
51,58,61,62,57,64,63,52,48,38,53,60,50,59,55,67,50
50,72,51,58,64,55,60,51,55,42,51,56,57,60,51,71,44
60,56,62,59,63,53,60,52,53,56,52,55,50,49,56,66,46
57,59,65,66,54,53,56,52,50,62,49,55,60,42,53,54,58
52,76,61,62,57,67,49,51,48,62,52,50,52,49,54,61,45
59,73,70,60,53,60,52,58,53,57,52,49,46,33,57,69,47
40,92,56,62,60,57,50,59,58,54,57,39,48,48,59,73,36
52,72,61,59,59,53,54,53,61,58,45,51,49,54,51,75,41
51,74,72,56,49,54,54,52,59,63,48,46,46,47,60,64,53
42,79,62,58,51,48,53,52,63,57,48,54,50,50,57,75,49
46,83,61,51,51,51,49,55,61,59,51,60,44,53,49,68,56
49,65,58,54,47,49,64,60,70,62,49,54,43,49,55,82,38
58,76,52,58,41,51,63,54,74,57,58,45,45,45,56,68,46
52,71,61,57,45,52,52,62,55,62,56,49,50,46,59,69,50
52,73,55,64,43,53,54,64,57,56,52,56,39,59,51,68,52
56,72,62,55,55,47,54,68,57,50,63,47,50,45,49,58,60
58,76,55,54,55,46,53,57,60,63,50,54,49,45,55,58,60
51,76,62,53,53,51,65,51,56,56,55,54,50,46,43,62,63
57,66,56,55,56,53,54,64,51,65,57,49,61,39,50,62,53
46,71,56,62,61,46,52,55,68,55,60,50,53,46,50,59,58
56,75,54,54,59,42,56,55,61,56,59,62,55,42,39,65,58
54,76,63,54,57,50,39,50,61,59,67,61,46,58,47,60,46
52,87,54,55,62,47,48,55,56,61,68,57,46,54,44,53,49
52,76,65,59,55,44,59,51,62,57,61,60,53,47,43,64,40
57,63,70,53,59,48,56,55,52,58,60,69,52,49,39,59,49
57,76,63,54,47,50,54,51,51,64,69,53,57,43,45,65,49
50,74,61,63,52,50,55,49,51,61,56,59,52,54,55,61,45
41,83,72,59,63,48,54,54,51,49,62,51,66,49,55,60,31
46,73,56,61,67,49,54,43,52,52,58,55,61,59,56,61,45
45,79,62,63,55,58,62,36,49,56,56,56,52,54,49,65,51
54,70,52,53,69,67,48,46,42,55,61,59,58,47,54,55,58
47,64,55,60,59,63,52,43,45,49,64,57,52,59,67,65,47
51,63,63,64,61,61,51,50,41,46,60,63,55,56,56,62,45
39,61,65,64,61,67,49,52,46,48,62,56,52,60,54,63,49
48,71,60,57,68,55,60,50,43,47,55,67,52,52,52,72,39
59,77,52,61,66,57,55,44,51,48,56,53,49,55,64,67,34
58,60,55,69,70,56,61,41,48,59,48,54,50,50,61,59,49
46,66,68,55,68,68,55,47,47,53,52,53,53,51,60,59,45
40,74,69,55,60,61,60,54,40,48,59,57,52,59,55,72,33
41,66,70,56,57,65,60,54,51,40,50,62,49,63,57,54,53
49,69,54,58,65,65,58,51,55,38,49,62,56,50,56,63,50
42,71,57,62,52,70,53,52,56,42,58,45,68,56,53,75,36
51,61,56,63,60,63,52,58,45,47,53,65,46,62,58,59,49
37,71,59,58,57,64,55,54,53,49,51,56,54,61,57,67,44
46,57,65,54,70,53,49,54,57,48,54,49,69,57,58,57,50
38,60,67,67,64,65,51,45,41,49,52,57,65,55,58,69,45
50,60,57,72,61,66,65,48,45,49,46,50,66,53,58,58,44
39,62,66,71,64,65,59,48,46,44,52,52,62,65,49,65,39
38,71,56,67,64,65,61,45,46,50,50,50,62,55,62,70,36
35,66,53,58,69,79,57,50,48,51,47,48,58,59,52,64,54
45,60,53,62,74,69,68,44,47,44,44,58,58,43,66,58,55
39,62,54,59,68,68,60,57,52,48,49,51,52,52,60,64,51
47,59,52,70,64,57,65,57,44,54,61,50,51,48,56,70,43
34,68,65,75,55,57,66,55,43,47,56,53,52,57,55,66,44
44,78,68,57,66,54,57,53,54,50,45,59,52,58,39,75,39
49,57,66,60,61,58,50,62,45,54,54,56,54,54,53,64,50
45,63,58,65,67,54,59,51,49,50,60,57,56,55,46,64,49
50,58,61,59,68,63,58,53,57,51,55,64,49,53,47,56,46
43,70,57,62,63,60,59,61,61,52,58,49,44,50,49,62,48
47,64,57,60,64,62,59,63,46,63,47,51,42,54,56,67,46
43,74,63,61,65,56,68,62,57,52,47,41,47,55,52,53,52
54,59,60,71,61,58,58,66,53,48,53,44,48,52,56,62,45
44,73,56,49,69,61,59,58,66,47,53,49,45,59,54,61,45
53,60,51,57,73,61,54,53,61,62,41,56,48,56,55,62,45
47,66,55,61,64,60,60,63,57,53,56,53,54,50,50,64,35
42,58,57,64,60,56,59,65,51,64,62,50,53,53,55,51,48
37,62,58,55,65,66,58,59,62,56,64,54,50,44,55,66,37
48,64,53,46,62,63,59,63,60,59,66,55,44,44,57,63,42
44,66,66,45,59,57,54,69,66,62,56,58,41,56,45,57,46
52,70,55,56,54,49,70,63,51,62,63,58,43,48,49,63,42
49,63,48,65,57,60,62,60,56,61,59,56,40,50,54,53,55
42,71,58,55,59,61,58,60,64,63,55,54,45,46,61,56,40
43,69,53,56,67,60,56,63,62,58,64,54,42,63,48,48,42
41,53,61,56,59,59,65,54,56,65,60,56,52,62,45,62,42
36,60,65,55,55,48,62,58,65,57,61,63,55,56,51,59,42
40,65,57,49,56,69,54,57,60,60,63,62,50,62,42,59,43
49,64,48,60,59,54,64,54,64,57,57,62,56,54,51,61,34
53,55,54,49,65,59,61,60,61,64,52,61,52,55,40,70,37
53,54,56,70,54,56,56,65,55,60,57,46,54,52,53,60,47
53,62,61,54,65,53,57,63,62,62,51,50,53,42,50,65,45
41,68,51,61,65,51,62,66,54,56,62,47,55,56,41,67,45
43,66,59,62,67,56,58,63,56,60,50,60,51,53,50,51,43
51,64,54,66,65,56,68,50,57,59,49,56,57,48,50,56,42
32,66,64,68,57,62,59,53,64,52,53,62,54,52,46,73,31
37,73,58,61,69,63,57,59,55,51,53,63,52,57,44,56,40
42,56,62,63,63,62,64,58,61,41,51,59,65,54,54,50,43
41,66,54,61,69,55,54,63,55,55,52,58,59,50,47,61,47
49,55,56,64,68,61,60,59,53,47,49,66,47,54,54,52,53
39,69,62,57,61,61,58,57,52,53,60,53,53,53,50,72,38
40,65,53,69,58,63,68,57,59,47,49,57,52,69,41,59,42
47,58,53,67,60,62,66,56,55,52,53,63,54,54,43,59,46
33,61,55,61,67,72,57,58,55,50,54,54,58,52,51,58,50
46,52,58,63,64,64,58,62,53,54,53,55,64,56,51,54,41
51,56,54,60,67,62,54,58,49,53,62,49,57,54,52,63,47
44,65,59,63,69,63,57,57,45,49,54,61,55,55,52,58,42
39,60,58,71,60,57,69,57,50,50,54,54,62,54,52,56,45
37,61,60,58,62,53,69,58,49,58,58,54,63,60,53,56,39
30,64,54,67,55,66,58,56,61,57,56,57,59,60,53,59,36
40,51,68,64,54,59,54,59,56,59,61,62,58,59,61,50,33
29,54,67,59,63,64,62,47,61,63,47,57,61,63,60,60,31
32,61,60,64,58,65,61,57,58,57,52,58,51,56,56,58,43
41,64,57,58,55,69,58,61,56,54,53,55,48,50,65,60,44
37,61,58,55,53,66,55,63,65,51,60,53,51,55,49,71,45
44,58,59,54,65,59,50,65,65,49,60,52,59,52,52,59,46
53,63,58,59,57,57,55,58,64,55,55,58,56,51,53,56,40
48,59,61,54,62,55,59,57,54,59,64,53,56,51,51,74,31
39,51,59,66,55,61,59,55,57,63,52,58,55,56,55,68,39
38,62,55,62,66,52,58,57,61,56,63,49,60,45,59,52,51
44,64,51,64,60,56,64,56,66,49,51,53,59,60,50,53,48
43,61,56,63,68,57,50,58,51,61,49,55,59,63,59,57,38
50,57,43,62,61,67,63,43,56,55,57,54,62,52,49,71,46
38,62,54,54,63,65,61,55,50,52,58,55,64,53,53,62,49
47,58,48,61,62,64,63,56,44,52,55,47,58,66,51,67,49
48,59,55,55,65,68,57,58,48,47,56,53,62,62,60,57,38
52,58,58,52,52,57,65,54,49,51,60,49,61,58,51,68,52
44,64,55,61,58,52,59,58,56,52,53,59,52,63,53,61,48
52,59,58,64,60,61,57,51,56,53,57,55,63,54,53,58,37
46,59,57,65,63,57,56,58,62,53,53,51,53,68,50,61,36
38,67,63,53,57,58,57,55,58,59,51,51,64,56,47,61,53
41,60,56,52,76,56,52,50,54,63,49,60,56,59,62,56,46
48,64,55,51,67,61,47,59,44,59,54,62,57,64,43,67,46
44,60,63,54,61,64,57,50,47,45,68,54,63,63,51,72,32
46,69,53,50,72,56,51,58,46,56,51,60,60,63,57,58,42
49,54,70,55,61,57,53,53,44,50,64,61,63,59,59,64,32
46,63,59,56,52,59,54,52,46,55,52,67,64,52,62,61,47
43,74,54,54,61,52,63,51,47,51,59,58,60,60,47,68,46
50,76,47,65,56,55,54,58,53,48,50,69,59,53,61,53,41
44,59,51,64,67,52,52,61,55,49,51,60,60,56,55,67,45
46,67,60,56,52,48,61,60,53,57,54,59,57,53,47,63,54
47,66,54,62,58,52,45,75,58,61,58,49,54,45,50,65,49
45,61,57,62,57,48,56,67,53,64,53,61,51,47,43,76,47
49,58,58,57,46,53,59,71,61,65,52,56,58,49,46,70,40
38,67,62,39,50,47,65,59,71,64,55,53,58,50,58,55,54
43,62,64,39,48,55,54,66,63,65,60,54,48,54,49,64,60
49,71,43,46,43,60,63,65,65,56,56,57,55,60,51,69,39
51,72,59,36,48,58,67,61,65,62,52,62,51,60,39,62,43
48,64,51,48,48,57,57,66,67,59,57,48,52,56,59,55,55
50,63,59,54,44,54,66,59,59,63,58,52,56,57,51,58,45
43,75,53,55,51,52,62,60,55,59,57,55,63,51,48,68,41
49,73,53,42,56,62,59,59,60,56,56,50,53,56,41,72,51
40,69,57,57,58,50,61,64,61,54,52,51,55,54,52,78,35
42,65,65,51,48,70,62,53,53,60,54,54,52,52,53,69,45
39,62,55,60,56,66,63,54,60,60,45,59,57,54,56,61,41
38,62,48,68,60,64,64,64,58,51,42,60,50,53,60,72,34
40,61,50,62,65,61,67,61,56,52,58,57,53,52,48,65,40
38,56,58,56,65,54,68,68,68,47,50,54,54,48,50,64,50
39,62,58,59,61,66,71,58,58,58,45,46,54,53,53,64,43
37,67,57,65,64,61,59,64,52,52,49,54,53,56,54,67,37
41,67,68,60,55,60,62,62,57,54,45,47,62,55,61,52,40
46,65,51,62,54,59,64,62,66,55,53,52,49,55,52,60,43
41,62,49,55,66,61,66,57,62,54,53,53,52,57,61,60,39
40,56,48,56,54,62,66,62,51,60,47,53,59,64,56,63,51
37,46,63,50,50,74,68,50,52,52,51,68,49,61,64,70,43
35,63,47,56,62,60,55,56,56,53,66,50,56,61,60,65,47
46,52,55,48,55,56,62,51,55,50,64,57,59,54,60,87,37
42,59,52,52,58,56,53,58,46,53,54,67,59,58,59,72,50
43,55,50,51,59,49,56,59,47,46,53,64,62,63,62,78,50
50,61,46,47,64,55,51,47,54,51,58,57,53,63,64,74,53
53,60,49,45,60,50,55,64,45,50,55,54,52,62,67,71,56
58,67,42,51,53,54,60,53,54,42,60,56,66,56,66,70,40
49,59,47,47,54,62,47,52,50,57,60,57,56,54,62,77,58
51,63,41,47,59,56,55,50,48,50,58,54,64,60,63,71,56
50,66,47,39,61,45,54,49,57,58,56,52,54,70,55,72,63
54,62,46,49,51,38,55,56,61,47,62,58,54,51,71,82,51
52,67,43,38,48,57,49,59,51,56,64,56,55,56,63,78,56
37,74,43,41,40,50,57,66,61,58,55,51,55,56,63,75,65
47,73,50,43,37,42,64,56,65,54,60,54,50,59,64,83,47
59,62,52,43,49,50,48,59,63,56,50,61,56,55,60,80,45
46,67,52,48,46,48,49,53,68,54,52,56,55,54,59,89,52
52,64,51,44,52,51,50,58,65,51,46,57,61,54,65,78,49
53,65,46,46,46,56,39,65,58,51,58,59,54,66,61,80,45
48,67,53,39,49,48,50,57,50,60,53,55,66,50,71,78,54
54,70,45,55,43,42,47,52,54,52,57,56,61,62,63,74,61
60,76,45,49,49,41,49,50,58,53,48,70,51,68,65,69,47
49,79,49,49,40,45,43,55,48,59,52,55,60,62,62,80,61
56,83,49,50,44,46,46,45,54,53,56,55,53,56,64,76,62
57,67,55,58,47,44,52,44,51,51,55,62,50,56,67,70,62
49,84,62,51,50,42,49,49,46,47,52,58,57,60,64,85,43
57,76,63,40,46,42,48,56,51,49,44,57,55,66,69,84,45
56,76,55,44,49,49,41,45,60,51,56,55,51,64,66,74,56
63,64,53,50,49,49,40,48,51,49,51,56,60,60,73,87,45
51,72,55,54,56,46,47,49,41,52,51,54,67,57,61,86,49
52,64,52,56,58,53,41,43,51,39,52,65,51,69,61,81,60
53,52,59,44,58,56,53,45,44,43,46,67,51,74,60,91,51
52,47,64,49,64,52,45,54,46,46,56,57,54,60,72,86,44
53,64,52,50,59,54,42,48,52,40,55,50,60,60,70,89,50
51,59,47,53,60,53,51,44,56,49,57,55,51,59,74,75,54
51,66,49,50,52,62,51,50,48,48,43,58,58,60,68,82,52
43,65,55,48,56,59,50,53,46,44,55,61,52,68,70,74,49
47,61,65,49,58,57,57,51,44,46,47,63,56,69,54,79,45
54,63,54,53,62,59,48,52,41,52,57,58,60,62,55,71,47
47,62,51,61,61,60,46,47,45,46,59,59,60,59,56,79,50
42,60,53,56,69,57,50,43,51,54,61,61,55,69,54,66,47
47,60,59,47,66,62,59,44,45,53,51,62,64,61,64,61,43
45,62,50,71,51,57,56,40,47,52,62,61,62,71,56,71,34
34,63,55,60,63,54,48,43,55,59,62,58,57,65,61,73,38
42,50,55,57,62,56,50,51,43,56,61,68,53,63,66,68,47
45,56,58,52,53,47,49,56,58,59,63,51,63,75,56,71,36
41,60,63,39,56,52,52,53,56,60,55,69,56,62,68,71,35
50,53,59,50,59,53,56,38,44,59,64,63,58,60,69,69,44
46,56,47,51,57,57,45,36,49,64,57,58,67,72,59,71,56
36,71,53,53,57,53,47,45,50,56,55,59,63,62,69,70,47
45,60,52,53,55,57,46,41,55,52,53,62,64,73,62,76,42
36,66,46,54,52,53,45,44,56,59,58,70,60,70,62,69,48
34,66,59,59,43,52,46,46,54,54,62,65,66,64,66,63,49
39,66,64,52,47,55,50,45,49,60,55,64,65,63,62,81,31
48,59,60,50,52,53,39,55,47,57,59,67,65,64,68,55,50
41,71,55,43,52,53,54,45,57,65,54,60,71,51,56,81,39
37,65,57,47,54,61,53,48,65,56,50,58,72,54,55,78,38
41,65,47,51,59,48,59,57,68,52,55,71,60,52,55,72,36
40,64,52,66,57,49,62,58,49,45,64,48,70,52,58,63,51
39,59,52,57,55,57,59,53,56,57,61,67,60,60,50,59,47
39,65,52,51,54,64,62,58,59,59,53,48,64,52,54,67,47
42,67,53,61,44,49,59,64,55,58,66,53,57,61,50,73,36
46,63,59,58,53,62,47,48,64,57,61,56,57,63,46,67,41
41,70,47,50,54,50,57,56,57,59,55,58,63,58,50,74,48
49,56,43,54,56,53,61,54,63,55,55,55,57,51,57,78,51
45,68,50,51,58,60,56,60,54,54,57,56,58,44,73,55,49
51,61,47,51,67,54,55,52,62,53,46,63,54,62,64,73,33
46,63,50,64,50,54,55,60,59,57,55,50,57,58,52,76,42
55,56,53,66,55,60,49,59,55,54,54,59,52,56,50,61,54
44,55,53,62,56,57,58,52,61,54,50,59,52,54,67,66,48
44,59,54,61,59,58,55,55,54,62,53,44,58,62,58,69,43
46,63,58,52,52,46,64,59,56,50,57,63,56,57,52,74,43
42,74,53,56,50,58,59,61,46,49,55,50,60,62,62,63,48
47,62,59,52,50,50,60,56,54,53,56,62,56,59,55,67,49
50,61,56,43,46,47,56,64,57,60,65,43,59,52,58,74,57
49,66,51,48,42,50,55,57,62,60,59,62,54,50,63,64,56
60,68,53,44,42,51,49,54,55,63,56,65,59,50,54,80,45
55,71,43,51,47,44,55,50,57,69,56,52,63,63,59,68,45
49,63,52,49,52,50,48,48,62,61,52,58,71,66,57,67,43
38,69,58,54,46,46,43,46,59,64,59,68,64,62,67,54,51
50,61,56,56,61,36,46,48,51,54,77,61,66,60,59,69,37
56,56,59,55,54,42,49,38,54,62,73,66,57,58,61,64,44
40,65,62,59,44,42,48,43,57,62,67,60,60,65,62,67,45
48,60,57,62,52,33,52,43,59,54,71,67,57,60,57,68,48
44,66,53,60,55,43,45,47,51,64,60,74,60,58,64,59,45
41,63,59,49,54,45,47,44,57,66,63,70,62,65,59,59,45
49,61,51,55,49,38,44,58,53,60,68,63,59,74,61,53,52
45,57,62,57,48,48,37,52,63,61,49,68,65,72,60,67,37
40,71,66,42,50,42,44,51,65,54,60,64,68,59,67,64,41
35,81,56,48,52,41,41,49,62,58,55,65,62,69,62,65,47
51,62,57,53,48,47,45,53,59,54,65,65,58,73,56,61,41
41,62,48,56,56,52,49,56,59,61,57,54,67,60,68,63,39
45,56,59,57,48,45,58,56,53,56,51,61,68,63,69,74,29
41,65,47,50,45,47,60,62,56,54,54,58,67,63,61,64,52
49,67,49,46,48,52,47,62,57,55,50,68,55,60,69,64,50
43,69,51,46,44,43,58,54,57,60,63,67,59,53,71,66,44
48,66,55,40,49,48,45,66,57,62,61,54,68,46,61,80,42
48,70,56,44,50,45,51,59,63,60,58,61,57,58,60,65,43
44,66,62,46,45,41,50,51,62,61,57,64,59,65,61,71,43
44,72,52,48,41,45,54,58,61,60,65,53,61,60,64,70,40
44,72,49,52,50,44,52,65,54,51,64,71,61,56,55,73,35
45,70,50,42,53,51,50,64,63,63,56,56,60,61,60,72,32
43,79,48,50,36,59,63,57,61,60,57,60,57,57,58,67,36
51,57,55,47,43,52,55,60,55,60,61,61,61,64,69,49,48
42,54,49,49,48,53,46,69,60,64,52,68,57,63,64,69,41
48,60,42,47,57,50,59,59,64,61,61,46,60,70,59,62,43
33,62,45,49,54,70,46,58,73,53,58,57,50,66,56,62,56
43,52,40,50,61,64,67,57,53,59,53,64,57,62,55,59,52
42,47,40,51,58,52,67,65,60,59,60,47,66,64,47,73,50
33,62,40,45,57,59,68,60,67,55,59,59,59,49,61,70,45
43,49,46,45,64,53,70,55,67,63,52,53,57,66,53,61,51
44,56,37,52,54,63,66,60,56,62,49,56,55,66,63,60,49
40,62,38,43,56,73,60,63,59,53,57,57,61,52,76,61,37
45,57,46,39,61,66,57,71,58,55,52,56,68,51,61,61,44
44,47,47,43,44,70,58,62,54,62,62,59,61,65,65,72,33
44,55,42,51,43,64,63,63,57,57,55,65,71,58,60,63,37
31,63,41,47,57,60,59,63,62,54,61,60,59,62,67,52,50
41,58,39,52,64,59,56,65,52,58,61,60,53,71,58,61,40
44,53,47,38,58,58,62,57,61,56,53,69,67,54,60,62,48
44,63,47,48,60,57,54,59,55,56,58,62,64,66,57,54,44
45,61,44,50,51,56,65,54,59,53,69,62,72,50,54,66,37
43,61,52,52,59,48,60,51,60,65,58,68,60,54,49,68,40
39,57,49,60,62,53,60,43,52,66,64,66,57,59,53,65,43
34,69,59,50,62,49,57,51,57,59,67,57,60,60,54,67,36
34,63,52,60,54,55,58,57,57,60,62,51,66,55,56,66,42
43,57,47,53,52,56,63,59,60,54,64,56,60,59,63,66,36
45,45,52,61,61,55,59,51,59,61,64,59,60,49,60,64,43
39,53,57,53,51,73,50,47,67,65,59,63,61,60,53,55,42
43,53,58,62,48,55,57,52,59,56,70,63,57,55,50,65,45
33,52,45,56,58,52,58,55,63,69,59,60,55,53,54,68,56
34,60,51,51,55,59,48,65,64,58,55,50,53,61,65,60,59
44,60,45,50,43,46,56,69,66,62,53,61,69,55,55,68,46
45,62,46,43,47,56,49,71,61,71,59,65,55,59,50,63,46
44,57,44,49,43,58,57,64,61,80,54,68,54,50,53,66,46
38,54,45,41,52,47,64,56,67,65,70,59,66,53,55,65,51
35,57,44,41,53,59,50,59,63,73,69,58,63,58,49,74,43
47,48,37,51,49,61,56,62,64,70,55,68,58,59,54,65,44
37,56,39,49,47,65,52,58,63,62,65,67,50,69,51,68,50
43,49,46,50,43,57,61,61,58,66,61,55,63,67,53,73,42
32,58,46,48,49,54,55,65,58,62,68,65,55,61,60,70,42
38,51,45,52,49,61,58,56,64,72,61,62,57,61,66,68,27
40,62,40,42,63,67,42,57,53,71,67,60,61,55,69,65,34
46,45,43,50,52,61,60,52,60,60,65,61,63,56,63,56,55
37,57,41,52,62,52,54,55,56,66,67,65,56,60,59,58,51
43,48,43,55,61,60,45,60,58,64,63,65,64,64,52,62,41
36,48,40,55,57,60,52,62,62,58,61,69,54,62,67,68,37
38,52,51,48,63,49,60,57,65,60,61,65,52,66,62,64,35
32,58,49,61,55,57,54,55,57,60,66,61,62,57,57,64,43
30,59,54,45,50,67,52,61,61,59,68,62,54,59,58,62,47
44,50,43,52,51,52,57,57,65,64,71,56,56,59,51,66,54
45,59,42,52,47,49,58,61,59,55,72,53,60,61,49,64,62
44,55,47,49,46,49,57,51,70,72,66,58,59,57,50,62,56
40,59,44,54,47,51,57,58,64,61,61,65,57,56,61,68,43
47,62,44,45,47,55,56,61,65,60,62,57,57,60,55,69,45
41,57,52,46,42,52,55,60,58,57,63,65,58,54,67,71,50
45,51,51,48,50,52,59,53,53,61,66,66,59,62,58,68,46
44,63,47,47,50,46,53,57,58,64,63,75,58,58,63,62,40
45,55,54,45,49,47,54,52,52,66,66,63,63,57,55,74,51
44,61,48,54,47,56,62,55,57,64,53,64,58,55,65,62,43
40,64,44,50,55,55,59,57,60,62,57,57,59,57,52,69,51
44,59,54,44,50,47,56,67,54,61,67,62,58,54,55,76,40
39,60,49,43,40,51,64,58,63,63,60,63,60,58,57,69,51
41,54,47,51,46,44,62,61,68,59,67,64,47,56,64,64,53
40,66,50,45,46,52,60,55,59,67,65,57,64,55,60,64,43
40,59,47,51,54,50,46,65,49,58,61,69,57,62,64,63,53
38,60,56,49,54,46,50,63,60,55,55,67,52,69,53,79,42
34,69,58,43,54,48,45,56,65,68,58,60,53,60,60,60,57
44,56,47,51,45,51,62,57,62,61,64,59,53,63,64,66,43
43,58,48,50,51,50,44,68,65,63,61,54,69,58,53,68,45
46,58,47,53,51,55,59,57,54,65,55,61,59,64,54,61,49
45,55,47,51,52,50,60,63,55,60,54,62,57,61,57,74,45
51,55,49,43,56,52,68,50,60,54,59,57,57,59,54,71,53
57,46,49,49,46,52,57,62,67,57,62,49,62,56,56,69,51
36,70,46,40,52,52,64,70,60,60,52,61,50,64,58,69,44
38,58,50,41,49,64,62,70,62,52,59,53,52,67,52,72,47
47,51,52,46,50,44,69,74,60,54,60,56,53,64,57,73,38
44,59,51,42,60,57,56,67,67,55,72,46,56,54,60,69,33
44,54,43,42,58,59,56,58,69,75,55,54,58,60,59,69,35
48,59,42,43,52,55,51,66,66,68,63,51,63,58,46,78,39
42,73,42,46,51,55,51,55,72,70,55,61,53,63,55,68,36
35,60,41,49,58,53,52,52,62,77,55,51,63,66,53,69,51
46,61,49,50,54,50,53,65,57,66,58,57,65,56,65,56,40
44,56,43,50,47,50,55,61,62,67,61,57,63,55,63,67,47
33,61,46,47,51,49,50,63,58,57,66,63,56,61,68,66,53
38,53,51,50,46,49,51,60,59,67,67,63,57,53,68,73,43
45,42,52,51,57,52,59,54,62,65,56,51,59,59,61,75,48
46,52,51,47,52,53,56,60,54,61,62,58,53,72,60,73,38
35,65,52,47,48,54,54,61,58,57,67,58,53,59,67,76,37
38,66,49,48,50,51,55,59,58,62,53,61,60,67,57,70,44
45,71,51,55,52,49,52,51,52,59,54,72,62,61,58,65,39
37,75,60,46,45,51,58,47,59,55,55,68,61,58,65,60,47
54,67,47,58,45,53,49,62,52,55,59,57,64,54,56,65,51
52,71,53,50,57,47,52,55,46,55,57,62,67,55,56,64,49
43,68,57,48,59,48,54,48,50,56,63,58,61,64,54,66,51
43,74,52,53,62,55,49,41,58,42,59,71,56,56,61,57,57
45,64,58,54,55,53,42,46,52,55,58,68,62,59,60,58,58
39,69,54,56,50,60,47,49,54,54,64,64,62,59,54,66,47
42,67,53,43,66,52,50,56,54,51,68,65,65,57,49,70,40
46,72,61,45,54,44,59,50,62,54,57,62,65,55,58,60,44
42,73,56,46,49,50,56,49,56,50,65,56,65,55,61,67,52
48,73,60,52,48,44,46,53,61,51,64,56,62,66,59,55,50
42,69,48,52,53,46,54,54,55,61,55,68,63,58,52,65,53
44,61,52,50,54,46,51,53,55,56,60,66,66,59,57,68,48
38,64,54,59,48,52,48,52,57,55,67,57,68,64,47,71,47
46,56,51,46,49,50,59,54,43,68,56,71,59,63,58,74,45
45,70,55,49,45,48,52,48,46,59,57,65,62,67,62,66,51
52,67,52,50,50,41,54,49,51,59,54,58,66,60,69,64,51
51,70,57,54,42,47,55,51,52,55,61,52,67,58,67,61,48
47,70,56,45,59,43,42,67,50,51,54,54,73,64,62,66,45
41,70,58,48,54,54,59,50,41,56,46,54,75,66,61,71,44
44,67,49,54,47,56,61,58,48,43,47,61,66,57,75,63,52
35,66,62,53,49,46,55,52,49,54,60,59,63,62,59,80,44
51,60,56,52,44,48,63,48,62,43,55,61,55,62,72,56,59
49,81,51,63,38,46,49,48,57,55,42,51,64,60,65,58,70
47,78,55,53,45,41,52,53,47,53,51,61,65,59,66,66,55
53,67,62,45,51,42,52,50,51,56,48,59,61,68,66,65,52
46,82,58,56,50,47,52,49,55,55,51,50,65,61,64,67,40
40,75,49,53,52,49,50,53,59,51,51,60,53,71,58,79,45
45,63,63,53,40,57,48,51,58,53,56,48,60,66,61,72,53
41,70,55,54,54,46,53,52,50,51,54,55,61,66,61,78,47
43,64,60,55,44,50,46,58,49,58,47,56,59,62,68,75,54
48,72,51,62,54,46,44,49,46,57,57,57,70,58,63,66,48
52,65,65,54,57,35,48,42,60,49,57,55,59,71,65,66,48
46,66,63,61,58,43,40,53,49,52,62,57,64,61,66,71,36
50,66,65,54,53,41,45,51,51,53,67,62,56,64,61,65,44
45,67,60,53,56,47,42,50,67,57,57,61,53,57,62,68,46
44,73,45,53,68,40,43,46,61,56,63,55,55,50,70,70,54
47,67,58,48,47,59,43,54,59,52,58,61,55,61,70,68,41
40,70,50,53,39,47,58,58,52,65,48,59,51,56,73,72,57
43,64,44,52,45,48,51,56,65,58,57,52,59,62,70,69,53
43,66,52,42,55,43,55,57,55,52,62,61,59,55,61,79,51
40,54,59,51,53,52,49,43,62,59,56,62,71,55,59,80,43
44,57,44,40,58,56,48,53,52,66,67,56,62,54,56,83,52
47,53,50,53,51,54,48,58,57,56,60,61,64,60,65,67,44
43,56,47,54,46,52,62,53,57,57,53,59,71,64,63,71,40
42,56,54,64,49,52,49,62,61,44,58,59,66,53,65,67,47
38,61,52,64,53,63,46,59,56,59,47,55,61,57,69,62,46
43,66,50,61,50,57,59,56,52,46,53,61,65,56,68,69,36
44,57,52,52,55,47,65,67,52,46,52,63,58,60,61,66,51
49,50,46,51,55,71,58,61,53,52,59,52,58,62,64,60,47
41,64,41,59,56,58,58,59,57,49,56,60,56,55,67,65,47
45,68,46,50,54,57,52,63,50,53,57,59,68,55,53,63,55
48,63,37,54,48,66,56,51,51,54,57,61,64,60,59,74,45
45,59,47,55,52,60,60,44,52,53,63,69,63,63,50,61,52
48,54,47,58,52,57,55,53,44,60,61,71,70,47,60,68,43
41,60,55,53,60,50,54,53,47,59,65,63,59,57,52,69,51
42,54,55,58,52,55,49,52,44,62,70,65,70,58,49,71,42
54,62,56,53,47,53,47,55,51,56,67,71,59,63,54,58,42
45,58,63,54,51,50,42,59,61,66,71,66,64,51,41,57,49
48,58,61,51,50,53,60,50,52,63,60,71,63,58,50,61,39
44,64,51,58,55,43,63,47,58,56,64,65,65,52,57,60,46
43,66,51,58,54,51,56,47,54,61,66,60,60,60,59,70,32
41,64,56,54,50,54,63,48,56,55,51,57,72,63,63,63,38
50,52,63,61,42,48,53,58,61,58,48,55,60,71,57,67,44
47,64,64,57,47,40,60,54,62,57,50,54,66,56,59,66,45
54,70,58,54,45,43,59,59,53,64,54,53,60,67,49,63,43
39,67,65,53,51,43,50,61,65,57,50,61,60,62,58,59,46
47,68,54,55,57,40,52,62,55,65,59,48,58,59,66,61,42
38,76,59,57,43,52,58,58,57,59,59,53,62,55,62,62,38
44,72,64,52,46,52,52,62,56,53,56,63,61,55,59,59,42
42,73,53,57,54,46,44,62,64,57,51,58,65,60,52,67,43
47,62,58,47,57,46,49,61,52,64,64,51,62,57,64,67,40
42,69,55,47,66,49,57,53,51,60,56,61,49,56,64,66,47
42,64,58,57,51,50,50,53,62,53,63,63,57,60,60,61,44
37,65,56,58,50,49,44,60,55,56,60,60,59,70,69,64,36
41,56,56,58,51,59,45,48,54,62,59,72,52,66,65,58,46
42,67,51,50,60,55,49,56,53,55,54,68,60,64,56,65,43
39,64,50,45,57,57,63,49,47,56,58,70,60,65,55,70,43
47,54,46,56,57,55,55,49,48,61,63,67,63,58,54,65,50
41,53,52,51,45,56,53,52,61,59,62,60,61,62,58,62,60
43,64,50,46,53,58,51,49,53,60,68,59,62,59,70,60,43
41,62,51,45,47,53,55,49,58,64,61,59,60,60,61,72,50
51,51,45,38,53,57,56,51,62,52,59,62,57,62,67,69,56
40,62,40,45,50,55,59,62,59,55,60,59,62,58,56,69,57
50,54,43,46,57,50,52,62,55,59,57,62,61,60,60,80,40
38,61,48,50,43,55,55,49,54,68,58,59,70,55,62,71,52
38,71,41,55,49,56,48,47,57,62,72,57,60,54,60,71,50
